ID,Item ID,Annotator Name,Annotator Email,Word,Meaning Index,POS,Score,Defect Notes,Sentence,Audio File,Definition,Evaluated At
1,889119d26ce40e,Test Annotator,test@wiseyak.com,अ,1,निपात (Clitic / Discourse particle),thumbs_up,Clear pronunciation,अ! मलाई तिम्रो त्यो फोस्रो अर्ति सुन्न पटक्कै मन छैन।,889119d26ce40e.wav,झर्को गाली बेवास्ता अस्वीकार आदि बुझाउन आवेगका अवस्थामा प्रयोग गरिने विस्मयादिबोधक शब्द; आ। उदा- अ बिनसित्ति कति चलेको? अ म यति बेला बजार जान्नँ।,2026-09-30T04:49:33.081054
7,c8de990aad861a,Subash Sah,subash.sah@wiseyak.com,अकर,2,नाम (Noun),thumbs_down,टार्न  mispronounciation,अचानक आइपरेको आर्थिक अकर टार्न उसले छिमेकीसँग केही रकम सापटी माग्यो।,c8de990aad861a.wav,"असजिलो वा अप्ठ्यारो स्थिति; अक्कर। , खाँचो; साह्रोगाह्रो।",2026-10-01T03:59:03.754161
25,918dd2ef800853,Subash Sah,subash.sah@wiseyak.com,अन्त,1,नाम (Noun),thumbs_down,wrong pronunciation for छ,यो अनन्त ब्रह्माण्डको अन्त कहाँ छ भन्ने रहस्य अझै वैज्ञानिकहरूले पत्ता लगाउन सकेका छैनन्।,918dd2ef800853.wav,"कुनै कामकुराको आखिरी अवस्था; सो कामकुरा वा ग्रन्थ लेख आदि पूरा हुने वा टुङ्गिने समयविन्दु; आखिरी; टुङ्गो। , कुनै वस्तु वा कुराको अस्तित्व विस्तार आदिको अवसान वा समाप्ति हुने ठाउँ; हद। , कुनै कामकुरा खत्तम हुनाको भाव वा अवस्था; समाप्ति; नाश। , कुनै प्राणीको जीवनको समाप्ति; मरण; मृत्यु; देहावसान। , कुनै कामकुराको आखिरी नतिजा वा अन्तिम परिणाम। , कुनै वस्तु व्यक्ति तत्त्व वा कामकुराबारेको यो यस्तो हो भन्ने रहस्य; वास्तविक तत्त्व वा भेद।",2026-10-01T04:06:43.968054
28,84470990f6c324,Subash Sah,subash.sah@wiseyak.com,अन्त,2,क्रियाविशेषण (Adverb),thumbs_down,भौँतारिन,नजिकैको पसलमा चाहिएको औषधि नपाएपछि बिरामीका आफन्त अन्त भौँतारिन बाध्य भए।,84470990f6c324.wav,वक्ताअनुसार जुन ठाउँको प्रसङ्ग छ त्यसभन्दा बाहेकको ठाउँमा; अरू ठाउँमा; अन्य स्थानमा; अन्यत्र।,2026-10-01T04:07:28.678013
35,8c0f041eeffb7e,Subash Sah,subash.sah@wiseyak.com,अभेग,2,नाम (Noun),thumbs_down,जुराइदिन,अभेग चेलीको भावना बुझेर आमाले समयमै उसको लगनगाँठो जुराइदिन पहल गरिन्।,8c0f041eeffb7e.wav,"विवाह गर्न हतपत भएकी वा हतारिएकी कन्याको अवस्था। , उमेर पुगेकी कन्या।",2026-10-01T04:08:41.007910
56,a92650e59fb2b1,Subash Sah,subash.sah@wiseyak.com,अलप,1,नाम (Noun),thumbs_down,प्रस्ट,बाक्लो कुइरो लाग्नासाथ अघिसम्म प्रस्ट देखिएको हिमशृङ्खला आँखाअगाडिबाटै अलप भयो।,a92650e59fb2b1.wav,"देख्तादेख्तै हराउने क्रिया; लोप; गायब; बेपत्ता; अन्तर्धान। , लुप्त हुने क्रिया। वि , लुप्त; पूरै हराएको वा बिलाएको।",2026-10-01T04:28:53.790210
58,a2a49ab179f1b4,Subash Sah,subash.sah@wiseyak.com,अलप,1,नाम (Noun),thumbs_down,उल्कापिण्ड,"साँझपख आकाशमा चम्किएको उल्कापिण्ड छिनभरमै कता अलप भयो, पत्तै पाइएन।",a2a49ab179f1b4.wav,"देख्तादेख्तै हराउने क्रिया; लोप; गायब; बेपत्ता; अन्तर्धान। , लुप्त हुने क्रिया। वि , लुप्त; पूरै हराएको वा बिलाएको।",2026-10-01T04:29:50.162422
75,568f2d16229105,Subash Sah,subash.sah@wiseyak.com,असार,1,विशेषण (Adjective),thumbs_down,सुखको,संसारका क्षणभङ्गुर र असार भौतिक सुखको पछि दौडनुभन्दा आत्मसन्तुष्टि खोज्नु उत्तम हुन्छ।,568f2d16229105.wav,"सार नभएको; निस्सार; गुदी नभएको; खोक्रो। , खाली; शून्य; रित्तो। , तुच्छ; तल्लो खालको; क्षुद्र।",2026-10-01T04:32:34.660055
79,0a4aa46ca8bd40,Subash Sah,subash.sah@wiseyak.com,आँक,1,नाम (Noun),thumbs_down,ओर्लने,त्यो डरलाग्दो भीरबाट खसेको बाच्छो जोगाउन तल ओर्लने आँक गाउँका थोरै युवामा मात्र थियो।,0a4aa46ca8bd40.wav,"आँट; ह्याउ; हिम्मत। , उखुका आँख्लाको टुसो उम्रने भाग; आँखो।",2026-10-01T04:33:23.237384
84,b1ccba7c3533ea,Subash Sah,subash.sah@wiseyak.com,आँट,1,नाम (Noun),thumbs_down,खान,बगैँचाको रूखमा पाकेर आफैँ फाटेको गुलियो आँट खान केटाकेटीहरू तँछाडमछाड गर्दै थिए।,b1ccba7c3533ea.wav,बाहिर काँडादार बाक्लो बोक्रा हुने भित्र कालो बियाँ भएको ससानो सेतो कोया हुने गुलियो फल; सलिफा।,2026-10-01T04:34:40.745404
87,7d765ddb92ce4d,Subash Sah,subash.sah@wiseyak.com,आँट,2,नाम (Noun),thumbs_down,नडराई,असफलतासँग नडराई निरन्तर सङ्घर्ष गर्ने दह्रो आँट भए मानिसले जुनसुकै शिखर चुम्न सक्छ।,7d765ddb92ce4d.wav,कुनै कामकुरो गर्ने मनको उत्साह; साहस; हिम्मत।,2026-10-01T04:35:20.322024
102,2e6e85b0ba2b1f,Subash Sah,subash.sah@wiseyak.com,आसन,1,नाम (Noun),thumbs_down,जङ्गलमा,तराईका जङ्गलमा पाइने आसनको काठ निकै बलियो हुने भएकाले घरका दलिन र झ्यालढोका बनाउन प्रयोग गरिन्छ।,2e6e85b0ba2b1f.wav,"एक प्रकारको सालको रुख; पीत साल; पहेँलो वर्णको कडा काठ; असना। , साज।",2026-10-01T04:37:35.794750
117,023e3e6daff8b7,Subash Sah,subash.sah@wiseyak.com,ऐन,2,नाम (Noun),thumbs_down,उपभोक्ताको हकहित,संसद्ले उपभोक्ताको हकहित संरक्षण गर्नका लागि नयाँ उपभोक्ता संरक्षण ऐन पारित गर्‍यो।,023e3e6daff8b7.wav,कुनै विषयलाई व्यवस्थित रूपमा गर्न गराउन बनेको सरकारी नियम; कानुन; विधान।,2026-10-01T04:41:01.977715
129,10c65d9956a6b1,Subash Sah,subash.sah@wiseyak.com,कच,1,नाम (Noun),thumbs_down,मुनि,पाठ पढाउँदा शिक्षकले महत्त्वपूर्ण पारिभाषिक शब्दहरू मुनि रातो मसीले कच तान्न लगाउनुभयो।,10c65d9956a6b1.wav,"लेखका बिचमा भएका विशेष कुरा सूचित गर्नलाई शब्द वा वाक्यको तलतिर दिइने धर्को; अधोरेखा; अन्डरलाइन; ढाक। , एक दफा सकिएर अर्को दफा आरम्भ हुँदा ती दुई दफाका बिचमा बायाँदेखि दायाँ कोरिने खण्डित अथवा अखण्डित रेखा।",2026-10-01T04:43:51.374703
134,8e861c3e5e6d7d,Subash Sah,subash.sah@wiseyak.com,कट,1,नाम (Noun),thumbs_down,पारिसकेपछि,घरायसी रक्सी पारिसकेपछि बाँकी रहेको कटलाई किसानले बङ्गुरको दानामा मिसाइदिए।,8e861c3e5e6d7d.wav,रक्सी वा निगार निकालेर शेष रहेको जाँडको छोक्रा वा सिट्ठी।,2026-10-01T04:44:46.078525
145,b1197f6efc55fb,Subash Sah,subash.sah@wiseyak.com,कदम,2,नाम (Noun),thumbs_down,ढकमक्क,वर्षा ऋतु लागेपछि पोखरी किनारमा रहेको कदमको रूखमा सुगन्धित पहेँला फूलहरू ढकमक्क फुले।,b1197f6efc55fb.wav,लाम्चिला पात र बाटुला पहेँला गेडामा भकुन्डा आकारका साना फूल फुल्ने एक वृक्ष।,2026-10-01T04:46:25.904185
152,42d3222d38fbdf,Subash Sah,subash.sah@wiseyak.com,कप,2,नाम (Noun),thumbs_down,हावामा,बिहानको शीतल हावामा कौसीमा बसेर उनले चियाको तातो कप समातिन्।,42d3222d38fbdf.wav,"चिया दुध आदि खाइने एक प्रकारको कचौरा; प्याला। , खेलकुद नृत्य गायन आदिको प्रतियोगितामा विजयीलाई पुरस्कारस्वरूप दिइने विशेष प्रकारका पात्रहरूमध्ये कुनै एक।",2026-10-01T04:47:17.871570
159,3e1d465cc67152,Subash Sah,subash.sah@wiseyak.com,कमान,1,नाम (Noun),thumbs_down,अनुशासित,योग्य कमान्डरको कमान अन्तर्गत अनुशासित सेनाले सीमा सुरक्षाको जिम्मेवारी सफलतापूर्वक पूरा गर्‍यो।,3e1d465cc67152.wav,जङ्गी हैकम वा अख्तियार; जङ्गी आदेश।,2026-10-01T04:48:16.135258
162,fa08a38aee4241,Subash Sah,subash.sah@wiseyak.com,कमान,2,नाम (Noun),thumbs_down,धनुर्धारीले,धनुर्धारीले बाँसको लचिलो कमानमा ताँदो कसेर बाणलाई सिधै लक्ष्यमा सोझ्यायो।,fa08a38aee4241.wav,बाँस वा धातुबाट निर्मित नुगाउनका निम्ति दुई टुप्पामा ताँदो जडिने धनुषको अर्धवृत्ताकार भाग; धनु।,2026-10-01T04:48:54.976100
166,c5e1d2c78e9cea,Subash Sah,subash.sah@wiseyak.com,कर,1,नाम (Noun),thumbs_down,सुखकर,नियमित शारीरिक व्यायाम र सन्तुलित आहार स्वास्थ्यका निम्ति निकै लाभदायक एवं सुखकर हुन्छ।,c5e1d2c78e9cea.wav,अरू शब्दको पछिल्तिर लागेर दिने गर्ने आदि अर्थ बुझाई विशेषण एवं नाम बनाउने हाल नेपालीमा अनुसर्गात्मक प्रत्यय मानिने तर संस्कृत मूलको नियमानुसार समासको उत्तरपद ठहरिने एक रूप दिवाकर प्रभाकर दिनकर सुखकर इ।,2026-10-01T04:49:37.400748
174,acab28370b4186,Subash Sah,subash.sah@wiseyak.com,करवीर,1,नाम (Noun),thumbs_down,आँगन,घरको आँगन छेउमा फुलेको रातो करवीरको फूल टिपेर आमाले पूजाको थालीमा राख्नुभयो।,acab28370b4186.wav,"सुइरे पात हुने पहेँलो रङको फूल फुल्ने र हाडेबदामका जत्रा दानाभित्र झन्डै आरुका झैँ खबटा हुने फल लाग्ने ठिक्क आकारको वृक्ष वा त्यसको फूल। , झन्डै वज्रदन्तीको जत्रो बोट हुने र त्यसरी नै झाँगिने सेतो अथवा रातो फूल फुल्ने एक वृक्ष वा त्यसको फूल।",2026-10-01T04:50:49.082098
180,77b03020d0c799,Subash Sah,subash.sah@wiseyak.com,कल,1,नाम (Noun),thumbs_down,छिटो,कपडा कारखानामा आधुनिक मेसिन र सिलाइ कलहरूको सहायताले छिटो काम सम्पन्न गरिन्छ।,77b03020d0c799.wav,धेरै पुर्जा जोडेर बनाइएको विभिन्न कामका लागि प्रयोग गरिने साधन; यन्त्र; मेसिन धान कु्ट्ने कल तेल पिँध्ने कल लुगा सिउने कल गन्जी बुन्ने कल इ।,2026-10-01T04:52:10.722275
182,39f10998eb1e1b,Subash Sah,subash.sah@wiseyak.com,कल,2,नाम (Noun),thumbs_down,साँधसीमानाको,जग्गाको साँधसीमानाको विषयलाई लिएर दाजुभाइबीच दिनहुँ कल र झगडा हुन थाल्यो।,39f10998eb1e1b.wav,कलह; बाझाबाझ।,2026-10-01T04:52:33.403251
197,ad1432f7db1b30,Subash Sah,subash.sah@wiseyak.com,कल्प,2,नाम (Noun),thumbs_down,कल्पहरू सलबलाउन,प्रकृतिको सुन्दरतामा डुब्दा कविको हृदयमा अनेकौँ झीना कल्पहरू सलबलाउन थाल्छन्।,ad1432f7db1b30.wav,सानो मिहीँ कल्पना। उदा- झिना कल्पहरू बोल्थे। - देवकोटा।,2026-10-01T04:55:28.353810
203,77819e23480aca,Subash Sah,subash.sah@wiseyak.com,कवच,2,नाम (Noun),thumbs_down,जोगिन,प्राचीन कालमा सिपाहीहरू शत्रुको तरबार र बाणको प्रहारबाट जोगिन फलामको बलियो कवच लगाउँथे।,77819e23480aca.wav,"योद्धाहरूले लडाइँमा शस्त्रको प्रहारबाट बच्न शरीरमा लगाउने धातुको भोटो; जङ्गी पोसाक। , आवरण। , छाला बोक्रा। , तन्त्रशास्त्रअनुसार शरीरका अङ्गप्रत्यङ्गको रक्षा र दिशाविदिशाबाट पनि सुरक्षा प्राप्त गर्नका लागि पाठ गरिने स्तोत्र; देवीदेवताको प्रार्थना गरी रचिएको तान्त्रिक मन्त्र दुर्गाकवच आदि।",2026-10-01T04:56:12.314846
218,fea94252734cb2,Subash Sah,subash.sah@wiseyak.com,काग,1,नाम (Noun),thumbs_down,राखिएको नदिन,काँचको सिसीमा राखिएको औषधी पोखिन नदिन डाक्टरले त्यसको मुखमा कमलो काठको काग लगाइदिए।,fea94252734cb2.wav,"औषधी आदि राखिएको बोतलमा बिर्को लगाउन प्रयोग गरिने कमलो काठको वस्तु; भित्री बिर्को; बुजो। , मटितेल आदि खन्याउन प्रयोग गरिने सोली; ट्वाक।",2026-10-01T04:58:29.701864
226,1bc7cb76686cce,Subash Sah,subash.sah@wiseyak.com,काज,2,नाम (Noun),thumbs_down,निर्देशनालयमा,उनी आफ्नो विद्यालयको नियमित जिम्मेवारी छाडेर विशेष तालिम सञ्चालन गर्न क्षेत्रीय निर्देशनालयमा काजमा गएका छन्।,1bc7cb76686cce.wav,"कार्य; काम। , केही वा निर्धारित अवधिका निमित्त कुनै पनि सरकारी वा गैरसरकारी सेवामा रहेको बहालवाला कर्मचारी शिक्षक आदिले अर्को संस्था वा कार्यालयमा गई गरेको सावधिक सेवाकार्य।",2026-10-01T04:59:40.161630
243,6d6d73a655bbcc,Subash Sah,subash.sah@wiseyak.com,कीट,1,नाम (Noun),thumbs_down,जमेर,धेरै वर्ष पुरानो फलामको खम्बामा कीट जमेर त्यसको बाहिरी भाग खियाले खाइसकेको रहेछ।,6d6d73a655bbcc.wav,हे किट।,2026-10-01T05:02:10.816642
245,bb66ac91373f61,Subash Sah,subash.sah@wiseyak.com,कीट,2,नाम (Noun),thumbs_down,नदिन,बालीनालीमा हानिकारक कीट र किराहरू लाग्न नदिन किसानले जैविक विषादी छर्के।,bb66ac91373f61.wav,किरो कृमि।,2026-10-01T05:02:24.138049
248,83ab07717f9922,Subash Sah,subash.sah@wiseyak.com,कुच,1,नाम (Noun),thumbs_down,ढंगले,प्राचीन मन्दिरका प्रस्तर कलामा नारीको कुच र सौन्दर्यलाई निकै कलात्मक ढंगले कुँदिएको पाइन्छ।,83ab07717f9922.wav,स्त्रीजातिको छातीमा उठ्ने गोलो र चुच्चे मांसपिण्ड; उरोज; स्तन; दुध।,2026-10-01T05:16:24.556887
254,a6f34c1e1c1930,Subash Sah,subash.sah@wiseyak.com,कुट,1,नाम (Noun),thumbs_down,जोगिन,शत्रुको अचानक आक्रमणबाट जोगिन पहाडको अग्लो चुचुरोमा सुरक्षित कुट निर्माण गरिएको थियो।,a6f34c1e1c1930.wav,"किल्ला; दुर्ग; गढ। , घर; छाप्रो। , पहाड। , रुख; वृक्ष। , पत्थर आदि फोर्ने हतौडो; घन।",2026-10-01T05:17:26.159918
257,246a22404b42d7,Subash Sah,subash.sah@wiseyak.com,कुट,2,नाम (Noun),thumbs_down,टाल्न,मौरीले चाकाको प्वाल टाल्न र बलियो बनाउन रुखको चोप मिसाएर कुट तयार पार्छ।,246a22404b42d7.wav,मौरीको चाकामा हुने च्याटच्याटी लाग्ने पहेँलो पदार्थ; महको कसर वा छोक्रा; मैन।,2026-10-01T05:17:48.848787
262,2d38d16fec8952,Subash Sah,subash.sah@wiseyak.com,कुन,2,नाम (Noun),thumbs_down,प्रस्टसँग,खेतमा लहलहाउँदै झुलेका जौका बालामा लामा र तिखा कुनहरू प्रस्टसँग देखिएका थिए।,2d38d16fec8952.wav,जौका बोटको तिखो टुप्पो; टुँडो।,2026-10-01T05:18:59.474047
272,b5cc46a836c8f7,Subash Sah,subash.sah@wiseyak.com,कुलेलम,1,नाम (Noun),thumbs_down,यात्रुको,भीडभाडमा यात्रुको पर्स चोरेपछि चोरले कसैले नदेख्ने गरी कुलेलम ठोक्ने मौका खोज्यो।,b5cc46a836c8f7.wav,अरूलाई थाहापत्तै नदिई भाग्ने काम; सुइँकुच्चा।,2026-10-01T05:20:28.543202
276,385cc57016b83c,Subash Sah,subash.sah@wiseyak.com,कुलेलम,2,क्रियाविशेषण (Adverb),thumbs_down,नजमोस्,घरको आँगनमा बलेनीको पानी नजमोस् भनेर दाइले पर्खालछेउमा सानो कुलेलम खन्नुभयो।,385cc57016b83c.wav,"अरूलाई थाहापत्तै नदिई। ना , बलेनीको पानी जम्न नदिनाका निम्ति घरको वरिपरि खनेर बनाइएको पानीको सानो निकास; तोस। , खेतबारीको सानो खाँद।",2026-10-01T05:21:01.244075
279,2748cefe35740b,Subash Sah,subash.sah@wiseyak.com,कैफत,1,नाम (Noun),thumbs_down,पञ्चायतमा,सोझा गाउँलेलाई लोभ देखाएर ठग्ने व्यापारीको कपट र कैफत गाउँ पञ्चायतमा पर्दाफास भयो।,2748cefe35740b.wav,"खानेकुरा आदिबाट हुने बिगार वा खराबी; कुपथ्य। , कपट; छलछाम। , ढाँट व्यवहार; ठग्ने प्रवृत्ति।",2026-10-01T05:21:30.885267
288,dbc86a92d84e13,Subash Sah,subash.sah@wiseyak.com,कोट,1,नाम (Noun),thumbs_down,समारोहमा,औपचारिक समारोहमा चिटिक्क परेर उपस्थित हुन श्यामले दौरा-सुरुवालमाथि कालो कोट पहिरिएको थियो।,dbc86a92d84e13.wav,दौरा वा कमिजभन्दा बाहिर लगाइने अघिल्तिर खुला भएको र भित्रबाहिर बगली राखिएको बाहुलादार पोसाक; उत्तरीय पहिरन।,2026-10-01T05:22:43.468539
302,a2003e2d280ba0,Subash Sah,subash.sah@wiseyak.com,कौल,2,नाम (Noun),thumbs_down,घोडसवारले,लामो यात्रामा निस्कनुअघि घोडसवारले खानेकुरा र पानीको भाँडो काठीको कौलमा सुरक्षित राख्यो।,a2003e2d280ba0.wav,घोडाका काठीको अघिल्लो भागमा दायाँबायाँ दुवैतिर पर्ने गरी अड्याइने ब्यागजस्तो वस्तु।,2026-10-01T05:25:39.706763
307,1bda3fdbef3408,Subash Sah,subash.sah@wiseyak.com,कौस,1,विशेषण (Adjective),thumbs_down,बनारसी,महारानीले राजकीय भोजमा पहिरिनका लागि बनारसी कौस वस्त्र छनोट गरिन्।,1bda3fdbef3408.wav,रेसमको धागोबाट बनेको; रेसमी।,2026-10-01T05:26:23.878209
325,b53e5636f7ccca,Subash Sah,subash.sah@wiseyak.com,खरखर,2,क्रियाविशेषण (Adverb),thumbs_down,हिसाबकिताबमा,हिसाबकिताबमा पोख्त भएकाले मुन्सीले वर्षभरिको खर्चको विवरण खरखर मिलाइदिए।,b53e5636f7ccca.wav,कुनै काम नरोकीकन फटाफट गर्ने किसिमले; खुरुखुरु।,2026-10-01T05:29:10.358734
327,33f910bb6ac82f,Subash Sah,subash.sah@wiseyak.com,खल,1,विशेषण (Adjective),thumbs_down,कुत्सित,कुत्सित नियत बोकेको खल व्यक्तिको सङ्गतले सोझा मानिसलाई पनि अनाहकको फन्दामा पार्छ।,33f910bb6ac82f.wav,"बुद्धि नभएको; मूर्ख; हुस्सु। , बदमास; दुष्ट। ना , मरमसला औषधी आदि कुट्ने ढुङ्गा वा फलामको भाँडो। , खलो; ठाउँ।",2026-10-01T05:29:32.812618
330,d05d6d6aae467e,Subash Sah,subash.sah@wiseyak.com,खल,2,नाम (Noun),thumbs_down,चौतारीमा,गाउँमा नयाँ सिँचाइ कुलो खन्ने विषयमा टोलवासीबिच चौतारीमा घण्टौँसम्म गम्भीर खल चल्यो।,d05d6d6aae467e.wav,"कुनै विषयमा दुई वा दुईभन्दा धेरै व्यक्तिमा हुने बहस; छलफल। , पारस्परिक विचारविमर्शद्वारा कुनै विषयमा टुङ्गो लाउने प्रयास।",2026-10-01T05:30:03.118902
332,8b08a67c5d1fda,Subash Sah,subash.sah@wiseyak.com,खल,2,नाम (Noun),thumbs_down,सीमासम्बन्धी,विवादित सीमासम्बन्धी समस्या समाधान गर्न दुवै पक्षका प्रतिनिधिहरू बसेर सौहार्दपूर्ण खल गरे।,8b08a67c5d1fda.wav,"कुनै विषयमा दुई वा दुईभन्दा धेरै व्यक्तिमा हुने बहस; छलफल। , पारस्परिक विचारविमर्शद्वारा कुनै विषयमा टुङ्गो लाउने प्रयास।",2026-10-01T05:30:30.130128
343,ad6ff23e8dc416,Subash Sah,subash.sah@wiseyak.com,खसखस,1,नाम (Noun),thumbs_down,खसखस,परम्परागत अत्तर तथा औषधीय तेल उत्पादन गर्न वनबाट खसखस सङ्कलन गरिन्छ।,ad6ff23e8dc416.wav,"एउटै डाँठमा बग्रेल्ती लामा लामा पात हुने कुशका जस्ता पहेँला फूल फुल्ने बास्ना आउने र जरा हुने एक जातको घाँस; उशीर। , त्यसैका जरा।",2026-10-01T05:32:07.161059
346,fa51026bfd3b3b,Subash Sah,subash.sah@wiseyak.com,खसखस,2,क्रियाविशेषण (Adverb),thumbs_down,खसखस,आफूले देखेको अनौठो घटना साथीलाई नसुनाएसम्म उसको मनभित्र खसखस भइरह्यो।,fa51026bfd3b3b.wav,"कफ जम्नाले असजिलो हुने गरी घाँटी सगसगाउने किसिमले; फुको खोकी लाग्दा घाँटी सकसकाएर; सगसग; सगसगी। ना , मनमा लागेका कुरा बोल्न वा गर्न नपाउँदा हुने असजिलोपन; मनको तुलबुली।",2026-10-01T05:32:35.882368
358,2976658e9ba796,Subash Sah,subash.sah@wiseyak.com,खाग,2,नाम (Noun),thumbs_down,वर्षसम्म,सयौँ वर्षसम्म नकुहिने हुनाले पुराना मन्दिरका थाम र दलिनमा खागको काठ प्रयोग गरिएको पाइन्छ।,2976658e9ba796.wav,"खाके  एक प्रकारको बलियो काठ; अग्राख। वि , जान्नेसुन्ने; टाठोबाटो; खप्पिस; खग्गू; खग्गड।",2026-10-01T05:34:22.878450
365,20e9bf87c25bf1,Subash Sah,subash.sah@wiseyak.com,खाल,1,नाम (Noun),thumbs_down,मुखमा,मादलको दुवै मुखमा सुरिलो आवाज निकाल्नका लागि बाख्राको पातलो खाल मोडिन्छ।,20e9bf87c25bf1.wav,"पशु आदिको शरीरबाट निकालिएको छाला; त्वचा; चर्म। , बोक्रो; आवरण।",2026-10-01T05:35:16.441144
372,762a4578d47d5b,Subash Sah,subash.sah@wiseyak.com,खुट,2,नाम (Noun),thumbs_down,गाउँलेहरू,जङ्गलतिर चर्न गएको बाख्रा साँझसम्म नफर्केपछि गाउँलेहरू खोज्न निस्किए पनि केही खुट लागेन।,762a4578d47d5b.wav,"हराएको कुनै कुराको पत्तो; अत्तोपत्तो; ठेगाना; दिशा। उदा- भाइ कहाँ पुगेका रहेछन् केही खुट लाग्यो कि?। , निधो; निश्चय। उदा- यस कामको छिटै खुट गरिहाल्नुपर्यो। , खुट्को गडेको पिर।",2026-10-01T05:36:12.448275
374,85210b8d1fb9b2,Subash Sah,subash.sah@wiseyak.com,खुट,2,नाम (Noun),thumbs_down,पञ्चहरू,अंशबन्डाको विवाद लामो समयसम्म अल्झिएकाले भोलि पञ्चहरू बसेर एउटा खुट लगाउने भएका छन्।,85210b8d1fb9b2.wav,"हराएको कुनै कुराको पत्तो; अत्तोपत्तो; ठेगाना; दिशा। उदा- भाइ कहाँ पुगेका रहेछन् केही खुट लाग्यो कि?। , निधो; निश्चय। उदा- यस कामको छिटै खुट गरिहाल्नुपर्यो। , खुट्को गडेको पिर।",2026-10-01T05:36:32.646290
378,6a84a788b17f63,Subash Sah,subash.sah@wiseyak.com,खुन,2,नाम (Noun),thumbs_down,अनाहकमा,वर्षौंदेखि निष्कलङ्क रहेर समाजसेवा गरेका व्यक्तिमाथि अनाहकमा कसैले खुन लगाउन मिल्दैन।,6a84a788b17f63.wav,"खोट; दोष। , दाग; लाञ्छना; कलङ्क। , छुच्च्याइँ।",2026-10-01T05:37:10.613309
381,2b919e38085497,Subash Sah,subash.sah@wiseyak.com,खेर,1,क्रियाविशेषण (Adverb),thumbs_down,खेर,थालीमा आवश्यकताभन्दा धेरै खाना हालेर खान नसकी खेर फाल्नु अशोभनीय व्यवहार हो।,2b919e38085497.wav,बरबाद; बिगार; नाश; हानि खेर जानु खेर फाल्नु खेर हाल्नु इ।,2026-10-01T05:37:33.156771
383,a688bf341756d8,Subash Sah,subash.sah@wiseyak.com,खेर,1,क्रियाविशेषण (Adverb),thumbs_down,खेर,बिनायोजना सुरु गरिएको व्यवसाय असफल भएपछि उसको लाखौँको लगानी र पाँच वर्षको मेहनत खेर गयो।,a688bf341756d8.wav,बरबाद; बिगार; नाश; हानि खेर जानु खेर फाल्नु खेर हाल्नु इ।,2026-10-01T05:37:48.509453
391,73b8ca8aac1028,Subash Sah,subash.sah@wiseyak.com,खोप,3,नाम (Noun),thumbs_down,मानसिक,विगतमा भएको सामान्य मनमुटावलाई मनमा खोप बनाएर राख्दा आफ्नै मानसिक शान्ति खल्बलिन्छ।,73b8ca8aac1028.wav,कसैका प्रति मनभित्र गढेको कुनै अप्रिय वा दुःखद कुरो।,2026-10-01T05:40:47.007714
396,107585d8b7b39e,Subash Sah,subash.sah@wiseyak.com,खोर,1,नाम (Noun),thumbs_down,पसेर,गाउँमा पसेर स्थानीयलाई आतङ्कित बनाउने नरभक्षी बाघलाई वनरक्षकहरूले खोर थापेर नियन्त्रणमा लिए।,107585d8b7b39e.wav,"जीवजन्तु पाल्न वा थुन्न बनाइएको साँघुरो कोठो। , बाघभालु आदिलाई झुक्क्याई समात्नाका लागि थापिने पिँजडा वा त्यस प्रयोजनका लागि प्रयोग गरिने कटेरो वा कोठोजस्तो वस्तु। , थुनुवालाई थुन्ने साँघुरो कोठो; थुनाघर; थुनुवाघर।",2026-10-01T05:41:21.209430
416,692bacc885870d,Subash Sah,subash.sah@wiseyak.com,गत,1,नाम (Noun),thumbs_down,गत,कुलतमा फसेपछि त्यो होनहार युवकको यस्तो नराम्रो गत होला भनेर कसैले सोचेका थिएनन्।,692bacc885870d.wav,"दयनीय स्थिति; नजाती हालत; दुर्गति। , सङ्गीतशास्त्रका अनुसार विभिन्न रागरागिनीका निर्धारित स्वर वा लय बाजामा उतार्ने काम।",2026-10-01T05:43:49.708238
453,813fc77ea63f80,Subash Sah,subash.sah@wiseyak.com,गुँद,1,नाम (Noun),thumbs_down,गुँद,सिमसारबाट काटेर ल्याएको गुँद सुकाएर दिदीबहिनीहरू आँगनमा सुकुल बुन्दै छन्।,813fc77ea63f80.wav,सिम परेको ठाउँमा पलाउने बोजोका जस्तै च्याप्टा तर लामा पात हुने पातका टुप्पामा कोदाका जस्तै झुप्पादार फल फल्ने तथा गुन्द्री सुकुल आदि बुन्न उपयोग हुने एक जातको झार वा त्यसैको जरो; ठुलो जातको मोथे।,2026-10-01T05:47:59.476631
456,0899cc8d0f7e98,Subash Sah,subash.sah@wiseyak.com,गुँद,1,नाम (Noun),thumbs_down,गुँदको,पोखरीको छेउमा बाक्लो गरी उम्रेको गुँदको झार गाउँलेहरूले गुन्द्री बनाउन प्रयोग गर्छन्।,0899cc8d0f7e98.wav,सिम परेको ठाउँमा पलाउने बोजोका जस्तै च्याप्टा तर लामा पात हुने पातका टुप्पामा कोदाका जस्तै झुप्पादार फल फल्ने तथा गुन्द्री सुकुल आदि बुन्न उपयोग हुने एक जातको झार वा त्यसैको जरो; ठुलो जातको मोथे।,2026-10-01T05:48:16.805055
462,9783bed662f853,Subash Sah,subash.sah@wiseyak.com,गेय,2,विशेषण (Adjective),thumbs_down,महाकविको,महाकविको त्यो गेय कवितालाई गायकले सुरिलो धुनमा गाएर सुनाए।,9783bed662f853.wav,लयमा ढालेर गाउन सकिने; गाउन लायक; गाउन योग्य।,2026-10-01T05:48:54.407579
472,bff66e47501951,Subash Sah,subash.sah@wiseyak.com,गोल,2,नाम (Noun),thumbs_down,ठुलो,मेला भर्न आएका युवाहरूको एउटा ठुलो गोल गीत गाउँदै बजारतिर पस्यो।,bff66e47501951.wav,"समूह; जमात; झुन्ड। , रक्तसम्बन्ध वा अन्य कुनै सम्बन्धसूत्रद्वारा बाँधिएको समूह। उदा- गोल फुट्नु हुँदैन।",2026-10-01T05:50:05.411829
485,72f7cf2ff99c35,Subash Sah,subash.sah@wiseyak.com,गौर,2,नाम (Noun),thumbs_down,बर्खायाममा,बर्खायाममा लालबकैया नदीमा बाढी आउँदा गौर बजार वरिपरिका क्षेत्र डुबानको जोखिममा पर्छन्।,72f7cf2ff99c35.wav,नेपालको नारायणी अञ्चलअन्तर्गत पर्ने रौतहट जिल्लाको सदरमुकाम।,2026-10-01T05:52:29.067315
497,c8e013ce2f4cf0,Subash Sah,subash.sah@wiseyak.com,घट्ट,1,नाम (Noun),thumbs_down,घुम्ने,खोलाको किनारमा पानीको वेगले घुम्ने घट्टमा मकै पिँध्न बिहानैदेखि पालो पर्खिनुपर्थ्यो।,c8e013ce2f4cf0.wav,पिठो पिँध्ने यन्त्र; कुलामा ल्याइएको पानीको धारले काठको पङ्खा घुमाई पिठो पिँध्ने ठुलो खालको जाँतोजस्तो साधन।,2026-10-01T05:54:12.749379
505,43d8d419474189,Subash Sah,subash.sah@wiseyak.com,घरान,2,नाम (Noun),thumbs_down,पुगेन,थानको कपडा किन्दा घरान पुगेन भने चाहेजस्तो लामो दौरा-सुरुवाल बन्दैन।,43d8d419474189.wav,कपडा आदिको लमाइ र चौडाइको नाप।,2026-10-01T05:55:07.895317
518,f0972b83c0c82b,Subash Sah,subash.sah@wiseyak.com,घोष,2,नाम (Noun),thumbs_down,दिन,गाउँमा नयाँ नियम लागु भएको जानकारी दिन कटुवालले चर्को स्वरमा घोष गरे।,f0972b83c0c82b.wav,"ठुलो आवाज; चर्को शब्द; गुञ्जित ध्वनि। , घोषणा; डुङ्ग्री; डुन्डी। , हल्ला; अफबाह। , तालका साठी भेदमध्ये एक।",2026-10-01T05:56:36.715022
526,61f342b7ce6999,Subash Sah,subash.sah@wiseyak.com,चटक,2,नाम (Noun),thumbs_down,सुकाएको टिपेर खान,कौसीभरि सुकाएको चामलका गेडा टिपेर खान चटकहरूको सानो बथान ओर्लियो।,61f342b7ce6999.wav,भँगेरो।,2026-10-01T05:58:00.436784
530,62395b742e4f63,Subash Sah,subash.sah@wiseyak.com,चप,1,नाम (Noun),thumbs_down,खान,दिउँसोको खाजा खान पसल पुगेका ग्राहकहरूले तात्तातो चप र गोलभेँडाको अचार मगाए।,62395b742e4f63.wav,आलुको भाती अथवा मुछेको पिठोभित्र केराउ तरकारी वा मासु हाली बाहिरबाट बेसनको लेदो लगाई तेल वा घिउमा तारेर बनाइएको खाद्य वस्तु।,2026-10-01T05:58:29.171515
532,1ed30e874e12d8,Subash Sah,subash.sah@wiseyak.com,चप,2,नाम (Noun),thumbs_down,सापटी,सापटी लिएको ठुलो रकम व्यापारीले समयमा फिर्ता नगरी चप पार्ने दाउ हेर्‍यो।,1ed30e874e12d8.wav,"खाने वा पचाएर निल्ने काम। , कुनै पनि चिज पैसालगायत नफर्काउने नियतले लिएको लियै गर्ने काम; पचाउने काम; सित्तैँमा खाइदिने काम; पच।",2026-10-01T05:58:38.998810
559,1419990ad74c4f,Subash Sah,subash.sah@wiseyak.com,चाट,2,नाम (Noun),thumbs_down,खान,"साँझपख बजारको गल्लीमा अमिलो, पिरो र चटपटे स्वादको चाट खान ग्राहकहरूको भीड लाग्छ।",1419990ad74c4f.wav,"चाट्ने काम वा स्थिति; चटाइ। , अभिलाषा; इच्छा। , रुचि। , समोसा आदिमा दही तथा मरमसला हाली बनाइएको एक प्रकारको खाद्य वस्तु।",2026-10-01T06:02:10.422047
561,34530fc1d3cd47,Subash Sah,subash.sah@wiseyak.com,चाट,2,नाम (Noun),thumbs_down,स्वादिस्ट,सानी नानीले मीठो आइसक्रिमलाई एकै चाटमा जिब्रोले स्वादिस्ट मानेर खाइन्।,34530fc1d3cd47.wav,"चाट्ने काम वा स्थिति; चटाइ। , अभिलाषा; इच्छा। , रुचि। , समोसा आदिमा दही तथा मरमसला हाली बनाइएको एक प्रकारको खाद्य वस्तु।",2026-10-01T06:02:28.036859
576,dcf99e7b7adaac,Subash Sah,subash.sah@wiseyak.com,चिज,2,नाम (Noun),thumbs_down,राख,कोठाबाट बाहिर निस्कनुअघि टेबलमा यत्रतत्र छरिएका आफ्ना सबै चिज मिलाएर राख।,dcf99e7b7adaac.wav,"कुनै पनि वस्तु वा पदार्थ; थोक। , महत्त्वपूर्ण वस्तु वा उत्तम कुरो।",2026-10-01T06:04:21.527201
598,cfbf7a0ac2dba3,Subash Sah,subash.sah@wiseyak.com,चुनोट,2,नाम (Noun),thumbs_down,बडादसैँ,बडादसैँ नजिकिएसँगै गाउँका परम्परागत माटोका घरहरूमा सेतो चुनोट लगाउने चटारो चलेको छ।,cfbf7a0ac2dba3.wav,"घर मन्दिर आदिमा चुन पोत्ने काम; चुना लगाउने काम। , चुनले पोतेको घर।",2026-10-01T06:07:15.102259
605,06ed912515911b,Subash Sah,subash.sah@wiseyak.com,चूक,1,नाम (Noun),thumbs_down,नदिन,महत्त्वपूर्ण कानुनी सम्झौता तयार पार्दा सामान्य चूक पनि हुन नदिन कानुनविद्को सहयोग लिइयो।,06ed912515911b.wav,हे चुक।,2026-10-01T06:08:10.902743
621,a1801c59ba7690,Subash Sah,subash.sah@wiseyak.com,च्याँख,2,नाम (Noun),thumbs_down,नच्यापियोस्,सिकर्मीले ठूलो मुढा चिर्दा करौँती नच्यापियोस् भनेर चिरेको भागको मुखमा काठको च्याँख ठोकिदिए।,a1801c59ba7690.wav,"करौँतीले काठ चिरिरहेका बखत करौँती नच्यापियोस् भनेर चिरेका ठाउँमा घुसारिने किलो; फेसो; चुकुल। , अहङ्कार; अहमत्याइँ; फुइँकी।",2026-10-01T06:10:08.182090
624,c10149c3ddacca,Subash Sah,subash.sah@wiseyak.com,छ,1,अकर्मक क्रिया (Intransitive verb),thumbs_down,सुन्दर,"मेरो घर नजिकै एउटा सुन्दर सार्वजनिक पुस्तकालय छ, जहाँ म फुर्सदमा पुस्तक पढ्न जान्छु।",c10149c3ddacca.wav,प्रथम पुरुष एकवचन र वर्तमानकालिक अस्तित्व बुझाउने एक शब्द।,2026-10-01T06:10:36.190344
639,5df43993864f0b,Subash Sah,subash.sah@wiseyak.com,छोप,1,नाम (Noun),thumbs_down,मिसाएपछि,काँक्रा र आलुको अचार बनाउँदा भुटेको कालो तिलको छोप मिसाएपछि स्वाद निकै मीठो र बास्नादार हुन्छ।,5df43993864f0b.wav,"फर्सीका बियाँ तिल आदिको बुरबुरे धुलो वा केही लेदो पारेको अचार; चटनी। , अचार बनाउँदा मिसाइने तिल आदिको बुकुवा धुलो।",2026-10-01T08:03:07.793340
642,7f0fe496c9bffe,Subash Sah,subash.sah@wiseyak.com,छोप,2,नाम (Noun),thumbs_down,अनियमितता,कार्यालयमा भएको आर्थिक अनियमितता ढाकछोप गर्न खोज्दाखोज्दै पनि अनुसन्धान टोलीले रहस्य पत्ता लगायो।,7f0fe496c9bffe.wav,नदेखिने वा ढाकिने ठाउँ कार्य आदि केवल समस्त शब्दको अन्त्यमा वा आदिमा मात्र प्रयोग हुने जस्तै - छोपछाप ढाकछोप इ ।,2026-10-01T08:04:35.089536
644,0c4fae9ebd2f22,Subash Sah,subash.sah@wiseyak.com,छोप,2,नाम (Noun),thumbs_down,छोपछाप,अचानक मुसलधारे पानी पर्न थालेपछि किसानहरूले खलामा सुकाएको धान छोपछाप गरेर त्रिपालले ओढाए।,0c4fae9ebd2f22.wav,नदेखिने वा ढाकिने ठाउँ कार्य आदि केवल समस्त शब्दको अन्त्यमा वा आदिमा मात्र प्रयोग हुने जस्तै - छोपछाप ढाकछोप इ ।,2026-10-01T08:05:06.357318
646,ec551845c570a6,Subash Sah,subash.sah@wiseyak.com,जग,1,नाम (Noun),thumbs_down,सल्लाहबमोजिम,भूकम्प प्रतिरोधी घर निर्माण गर्नका लागि इन्जिनियरको सल्लाहबमोजिम जमिनमुनि बलियो जग हालियो।,ec551845c570a6.wav,"घर कटेरो पुल चौतारो आदिको जमिनमुनिको गारो लगाउने ठाउँ; घडेरीको फेद; चर। , कामको शुभारम्भ; थालनी।",2026-10-01T08:50:42.545973
657,cc39db4608b8ac,Subash Sah,subash.sah@wiseyak.com,जडान,1,नाम (Noun),thumbs_down,सकिएलगत्तै,नयाँ घरको निर्माण सकिएलगत्तै बिजुलीको मिटर र इन्टरनेटको तार जडान गर्ने काम सुरु भयो।,cc39db4608b8ac.wav,"कुनै वस्तु सजाउने वा जडान गर्ने काम; सुसज्जित गर्ने काम। , बिजुली टेलिफोन आदिका तार स्विच प्लग आदि जड्ने काम।",2026-10-01T08:52:35.563799
679,0dabe450346164,Subash Sah,subash.sah@wiseyak.com,जिन,3,विशेषण (Adjective),thumbs_down,जिन,सवारी सुरु गर्नुभन्दा पहिले चालकले घोडाको पिठिउँमा राम्रोसँग जिन कसेर बाँध्यो।,0dabe450346164.wav,"मोटो र बलियो एक प्रकारको सुती कपडा। , सवारी गर्नुपर्दा घोडा आदिको पिठिउँमा राखिने आसन।",2026-10-01T09:51:52.216201
682,f65d1efc0252f6,Subash Sah,subash.sah@wiseyak.com,जून,1,नाम (Noun),thumbs_down,नातिनातिनालाई,आँगनमा बसेर शीतलता दिने जूनको किरण हेर्दै हजुरआमाले नातिनातिनालाई एकादेशको कथा सुनाउनुभयो।,f65d1efc0252f6.wav,"चन्द्रमाको किरण; चन्द्ररश्मि। , चन्द्रमा।",2026-10-01T09:52:26.254815
709,fa5675e470940e,Subash Sah,subash.sah@wiseyak.com,झालर,1,नाम (Noun),thumbs_down,छमछम,तराईका सांस्कृतिक चाडपर्वमा महिलाहरू गोडामा झालर छमछम बजाउँदै लोकनृत्य प्रस्तुत गर्छन्।,fa5675e470940e.wav,प्रायः तराईवासी स्त्रीहरूले गोडामा लगाउने एक प्रकारको गहना।,2026-10-02T05:59:54.244194
712,3beb00b5a56538,Subash Sah,subash.sah@wiseyak.com,झालर,2,नाम (Noun),thumbs_down,मञ्चको,सांस्कृतिक कार्यक्रमका लागि मञ्चको वरिपरि रङ्गीचङ्गी कपडाको झालर हालेर चिटिक्क सजाइयो।,3beb00b5a56538.wav,शोभा वा सौन्दर्यका लागि झुल पर्दा आदि कपडामा फुर्का निकालेर लगाइने घेरो; झल्लर।,2026-10-02T06:00:21.995541
719,d62fc39e5d4e87,Subash Sah,subash.sah@wiseyak.com,टक,1,नाम (Noun),thumbs_down,सुमनलाई,सुमनलाई सानैदेखि नयाँ-नयाँ ठाउँ घुम्ने अनौठो टक बसेको छ।,d62fc39e5d4e87.wav,"प्रकाशपुञ्जको चहक; सूर्य चन्द्र बत्ती आदिको प्रकाश; पानी ऐना वा यस्तै टलकदार वस्तुमा परेर अन्यत्र फर्केको उज्यालो; प्रतिबिम्ब। , एकसुरको हेराइ; आँखा झिम्म नगरीकनको हेराइ; स्थिरदृष्टि। , लालसा; तीव्र इच्छा। उदा- हरिलाई पढ्ने टक बसेको छ।",2026-10-02T06:01:34.471393
742,845a997f477755,Subash Sah,subash.sah@wiseyak.com,टप,3,नाम (Noun),thumbs_down,उछिट्टिन,साइकलको अघिल्लो पाङ्ग्राको टप मर्मत गरेपछि मात्र वर्षाको फोहोर पानी उछिट्टिन रोकियो।,845a997f477755.wav,साइकल मोटरसाइकल बग्गी; मोटर आदिको पाङ्ग्रामाथि जडिने ढकनीजस्तो कुप्रो परेको पाता।,2026-10-02T06:04:34.468832
752,b9b7b90c390115,Subash Sah,subash.sah@wiseyak.com,टाँगन,2,विशेषण (Adjective),thumbs_down,पातलो,पातलो र लामो जिउडाल भएको टाँगन मान्छे भीडमा पनि टाढैबाट प्रस्टै चिनिन्थ्यो।,b9b7b90c390115.wav,शरीर पातलो र अग्लो भएको; सुइँखुट्टे; लामघारे।,2026-10-02T06:05:46.013145
754,11df6e24f5424a,Subash Sah,subash.sah@wiseyak.com,टाङ,1,नाम (Noun),thumbs_down,झमझमाएर,लामो समय एउटै ठाउँमा खुम्चिएर बस्दा टाङ झमझमाएर ऊ केही बेर उठ्नै सकेन।,11df6e24f5424a.wav,खुट्टो; गोडो; टाँग।,2026-10-02T06:06:07.396590
765,74fd954103b9f4,Subash Sah,subash.sah@wiseyak.com,टुक,2,नाम (Noun),thumbs_down,नापतौलमा,व्यापारीले नापतौलमा फरक नपरोस् भनेर अन्न भर्ने भाँडोको ठिक टुक मिलाएर राख्यो।,74fd954103b9f4.wav,कुनै वस्तुलाई जोखतौल वा भर्ने कामको ठिक परिमाण; टुकुनी।,2026-10-02T06:07:33.095306
773,df8412aa2f48c1,Subash Sah,subash.sah@wiseyak.com,ठहर,1,नाम (Noun),thumbs_down,सर्वसम्मत,गाउँको खानेपानी आयोजना सम्पन्न गर्ने विषयमा समितिको बैठकले सर्वसम्मत ठहर गरेको छ।,df8412aa2f48c1.wav,"बैठक सभा आदिद्वारा कुनै कुरा वा विषयमा विचारविमर्श वा छलफलपछि गरिने अठोट; पारित भएको कुरा। , मुद्दामामिलामा न्यायाधीश वा इजलासद्वारा गरिएको निर्णय। , कुनै कामकुरामा सल्लाहले वा मनमनै गरिने निधो; निश्चय। , बस्ने वा अड्ने ठाउँ; स्थान; थलो।",2026-10-02T06:08:52.328254
787,f08d8cac48ee4c,Subash Sah,subash.sah@wiseyak.com,डाँक,2,नाम (Noun),thumbs_down,जरुरी चिठीपत्रहरू,सञ्चारका आधुनिक साधन नहुँदा सरकारी आदेश र जरुरी चिठीपत्रहरू डाँक मार्फत पठाइन्थे।,f08d8cac48ee4c.wav,"चिठीपत्र आदि ओहोरदोहोर गराइने सरकारी प्रबन्ध; हुलाक व्यवस्था। , ठाउँ ठाउँमा बासको प्रबन्ध गर्नलाई सवारीभन्दा पहिले जाने डफ्फा। , लामो यात्रामा छिटो पुग्न थाकेका वाहनहरूलाई बिचमा छाडी अर्को वाहन फेर्ने काम।",2026-10-02T06:10:53.172006
804,3bdedb77994ab2,Subash Sah,subash.sah@wiseyak.com,तङ,2,क्रियाविशेषण (Adverb),thumbs_down,किचलो,दिनहुँको एउटै किचलो र झैझगडा सुन्दासुन्दा ऊ आजित भएर तङ भइसकेको छ।,3bdedb77994ab2.wav,"दिक्क; हैरान। वि , साँघुरो। ना , घोडामा काठी कस्ने पेटी।",2026-10-02T06:13:14.044263
821,00ef6bc8018bb7,Subash Sah,subash.sah@wiseyak.com,तर,2,नाम (Noun),thumbs_down,तर,वर्षायाममा भेल उर्लिएकाले डुङ्गाबिना यो नदी तर गर्न निकै जोखिमपूर्ण छ।,00ef6bc8018bb7.wav,"नदी पुल बाटो आदि पार गर्ने काम; तराइ; हिँडाइ। ,बाटो। , विशेषण शब्दका पछिल्तिर गाँसिएर कसैको अपेक्षा बढी गुण भएको बुझाउने एक प्रत्यय जस्तै - अधिकतर गुरुतर महत्तर बृहत्तर इ।।",2026-10-02T06:15:23.266606
824,8f89cda2a91ff8,Subash Sah,subash.sah@wiseyak.com,तर,3,नाम (Noun),thumbs_down,तर,उमालेको दुध सेलाएपछि माथिल्लो भागमा बाक्लो तर जमेको देखियो।,8f89cda2a91ff8.wav,"तताएको दुधमा माथितिर लाग्ने बाक्लो पत्र; दुधदहीमा जम्ने सारवस्तु। , पानी आदि तरल वस्तुमा माथितिर जमेको ठाँटो। , कुनै काम कुराको थान्को वा थिति; तह। उदा- कति दिनदेखि प्रयास गरे तापनि यो काम तर लाउन सकिएन।।",2026-10-02T08:08:57.756147
826,2c11c5d764a9f1,Subash Sah,subash.sah@wiseyak.com,तर,3,नाम (Noun),thumbs_down,तर,वर्षौँदेखि अल्झिएर रहेको जग्गा विवादलाई वडाध्यक्षले दुवै पक्षलाई राखेर बल्ल तर लगाए।,2c11c5d764a9f1.wav,"तताएको दुधमा माथितिर लाग्ने बाक्लो पत्र; दुधदहीमा जम्ने सारवस्तु। , पानी आदि तरल वस्तुमा माथितिर जमेको ठाँटो। , कुनै काम कुराको थान्को वा थिति; तह। उदा- कति दिनदेखि प्रयास गरे तापनि यो काम तर लाउन सकिएन।।",2026-10-02T08:09:14.805041
828,eda7baeb8085d7,Subash Sah,subash.sah@wiseyak.com,तर,4,विशेषण (Adjective),thumbs_down,तर,मुसलधारे पानी परिरहेका बेला छाता नओढी हिँड्दा ऊ टाउकोदेखि खुट्टासम्म तर भयो।,eda7baeb8085d7.wav,पानी वा पसिनाले निथ्रुक्क भिजेको; निथाचूर्ण; आर्द्र। उदा- आज दिउँसोको गर्मीको के बयान गर्नु म त पसिनाले तर भएँ। दिदी बजार पनि पुग्न नपाई पानीले तर हुनुभएछ।,2026-10-02T08:09:32.108816
830,c543f02f03d030,Subash Sah,subash.sah@wiseyak.com,तर,4,विशेषण (Adjective),thumbs_down,तर,चर्को घाममा भारी बोकेर उकालो चढ्दा भरियाको शरीर पसिनाले तर भएको थियो।,c543f02f03d030.wav,पानी वा पसिनाले निथ्रुक्क भिजेको; निथाचूर्ण; आर्द्र। उदा- आज दिउँसोको गर्मीको के बयान गर्नु म त पसिनाले तर भएँ। दिदी बजार पनि पुग्न नपाई पानीले तर हुनुभएछ।,2026-10-02T08:09:47.892855
841,20535c12296ffa,Subash Sah,subash.sah@wiseyak.com,ताल,1,नाम (Noun),thumbs_down,प्रस्ट,पहाडको काखमा शान्त फैलिएको नीलो तालको पानीमा माछापुच्छ्रे हिमालको सुन्दर छाया प्रस्ट देखिन्थ्यो।,20535c12296ffa.wav,पानी प्रशस्त जमेको ठाउँ; ठुलो प्राकृतिक पोखरी; दह।,2026-10-02T08:11:39.683842
853,f5dd3678e21cb7,Subash Sah,subash.sah@wiseyak.com,तिर,2,नाम (Noun),thumbs_down,दिन,घरजग्गाको बाँकी बक्यौताको तिरका लागि कार्यालय धाउँदा धाउँदै उसको हप्ता दिन बित्यो।,f5dd3678e21cb7.wav,तिर्ने काम; तिराइ।,2026-10-02T08:13:32.102550
857,ae522000cfb495,Subash Sah,subash.sah@wiseyak.com,तीर,1,नाम (Noun),thumbs_down,साँझपख,साँझपख त्रिशूली नदीको तीरमा बसेर कलकल बगेको पानी हेर्नुको आनन्द बेग्लै हुन्छ।,ae522000cfb495.wav,"नदी वा खोलाको दुईतिरको किनार; तट। , छेउ।",2026-10-02T08:13:55.700364
861,4747f81e468b27,Subash Sah,subash.sah@wiseyak.com,तुहिन,1,नाम (Noun),thumbs_down,तुहिन,पक्की पुल नहुँदा विकट गाउँका बासिन्दा जोखिमपूर्ण तुहिन तरेर दैनिक खोला वारपार गर्न बाध्य छन्।,4747f81e468b27.wav,हे तुइन।,2026-10-02T08:14:26.573068
863,23996a3f31ad22,Subash Sah,subash.sah@wiseyak.com,तुहिन,1,नाम (Noun),thumbs_down,तुहिनको,उर्लिएको महाकाली नदीमाथि तुहिनको लठ्ठा समातेर स्कुल जानुपर्ने बालबालिकाको जोखिम निकै डरलाग्दो छ।,23996a3f31ad22.wav,हे तुइन।,2026-10-02T08:14:42.916628
865,a90090c75160a2,Subash Sah,subash.sah@wiseyak.com,तुहिन,2,नाम (Noun),thumbs_down,तुहिन,मङ्सिरको चिसो बिहान जमिनमा बाक्लो तुहिन जमेकाले दुबोका पातहरू सेताम्मे देखिएका थिए।,a90090c75160a2.wav,"हिउँ; हिम। , बरफ। , चाँदनी। , कुइरो।",2026-10-02T08:14:52.948517
867,dc589ae3c3abd5,Subash Sah,subash.sah@wiseyak.com,तुहिन,2,नाम (Noun),thumbs_down,तुहिन आवागमनमा,पहाडी उपत्यकालाई तुहिन र बाक्लो हुस्सुले पूरै ढाकेपछि यातायात आवागमनमा कठिनाइ भयो।,dc589ae3c3abd5.wav,"हिउँ; हिम। , बरफ। , चाँदनी। , कुइरो।",2026-10-02T08:15:10.246294
871,fca1d885f761be,Subash Sah,subash.sah@wiseyak.com,तेज,2,नाम (Noun),thumbs_down,बिहानीपख,बिहानीपख उदाउँदो सूर्यको चहकिलो तेज हिमाली चुचुराहरूमा पर्दा चाँदीझैँ टल्कियो।,fca1d885f761be.wav,"प्रकाश; ज्योति; कान्ति; दीप्ति; उज्यालो; चमक। , पराक्रम; बहादुरी। , वीर्य। , सार। , ताप; गर्मी।",2026-10-02T08:15:36.574892
875,d9ee7d65f6f96a,Subash Sah,subash.sah@wiseyak.com,तोस,1,नाम (Noun),thumbs_down,नदिन,बाढीको भेल कान्लाबाट पस्न नदिन खेतको छेउमै तोस बनाएर खोल्सातर्फ सुरक्षित निकास दिइयो।,d9ee7d65f6f96a.wav,खेतबारीमा आउने पानी बढ्ता भएमा वा आउनै दिनु नपरेमा तर्काउनका लागि बनाइएको खाँद; भलेटो; कुलेसो।,2026-10-02T08:16:07.636721
888,5ef351027b727d,Subash Sah,subash.sah@wiseyak.com,दङ्ग,3,विशेषण (Adjective),thumbs_down,मञ्च,जादूगरले हातको रुमाललाई चरा बनाएर उडाएको देखेपछि मञ्च अगाडिका दर्शकहरू दङ्ग भए।,5ef351027b727d.wav,"धेरै प्रसन्न; निकै खुसी। , चकित; छक्क; बिस्मित।",2026-10-02T08:20:17.613655
897,c01d483eba7791,Subash Sah,subash.sah@wiseyak.com,दमक,2,नाम (Noun),thumbs_down,झापा,झापा जिल्लाको दमक सहर पूर्वको एक प्रमुख व्यापारिक तथा शैक्षिक केन्द्रका रूपमा चिनिन्छ।,c01d483eba7791.wav,"हिँड्दा आउने पदचापको ध्वनि; पैतालाको चाल; दम्को। , झापा जिल्लाको एउटा प्रसिद्ध ठाउँ।",2026-10-02T08:21:19.925100
901,f064f0a3ab84dd,Subash Sah,subash.sah@wiseyak.com,दर,1,नाम (Noun),thumbs_down,ढकनेजस्ता,"खीर, मिठाई र ढकनेजस्ता दह्रिला परिकार तयार पारेर आमाले सबैलाई तृप्त हुने गरी दर खुवाउनुभयो।",f064f0a3ab84dd.wav,"तिजका अघिल्ला रात स्त्रीहरूले खाने दह्रिलो विशेष भोजन दर खानु दर खाने आदि। , आड।",2026-10-02T08:22:15.809599
912,13841599ccee2d,Subash Sah,subash.sah@wiseyak.com,दल,2,नाम (Noun),thumbs_down,अनाहत,हठयोगको निरन्तर साधनाद्वारा योगीहरूले अनाहत चक्रको बाह्र दललाई जागृत गराउँछन्।,13841599ccee2d.wav,हठयोगका अनुसार योग गर्ने शरीरभित्रको चक्र; षट्चक्रको पत्र।,2026-10-02T08:24:15.647178
917,71b0ecac43b533,Subash Sah,subash.sah@wiseyak.com,दाग,2,नाम (Noun),thumbs_down,छोराले,आर्यघाटमा जेठो छोराले मृतक पिताको पार्थिव शरीरमा विधिपूर्वक दाग दिएर दाहसंस्कार प्रारम्भ गरे।,71b0ecac43b533.wav,"डढाउने वा पोल्ने काम; दाह गर्ने काम; जलाउने काम। , मृतकलाई जलाउँदा विधिपूर्वक सर्वप्रथम मुखमा लगाइने आगो।",2026-10-02T08:24:59.323882
934,821656393fb2b8,Subash Sah,subash.sah@wiseyak.com,दार,3,नाम (Noun),thumbs_down,नौजवान,ऊ अग्लो कद र मजबुत दार भएको निकै खाइलाग्दो नौजवान देखिन्छ।,821656393fb2b8.wav,"आकारप्रकार; डिलडौल; कद। , आदत; बानी; लत।",2026-10-02T08:27:31.902747
945,7b6c8509a0b89a,Subash Sah,subash.sah@wiseyak.com,धर,1,विशेषण (Adjective),thumbs_down,नदिन,जीर्ण भइसकेको पुरानो छानो ढल्न नदिन कामदारहरूले काठको बलियो धर लगाए।,7b6c8509a0b89a.wav,"धारण गर्ने; लिने; ग्रहण गर्ने जस्तो- धनुर्धर; विद्याधर इ। , लड्न खस्न नदिने; थाम्ने। ना , समात्ने क्रिया; पक्रने काम। , कुनै वस्तु अडिने वा थामिने आधार; टेवा। , कच्छप रूपधारी विष्णु। , पर्वत।",2026-10-02T08:28:47.222115
956,9b7a1f76ad926c,Subash Sah,subash.sah@wiseyak.com,धाप,2,नाम (Noun),thumbs_down,दलदले,जङ्गलको बाटो हिँड्दा धाप भएको दलदले जमिनमा नटेक्न अनुभवी पथप्रदर्शकले सचेत गराए।,9b7a1f76ad926c.wav,पानी जमेर वा धेरै हिलो भएर गाडिने र भासिने ठाउँ; दलदल।,2026-10-02T08:30:33.982769
967,298909ea94d6e0,Subash Sah,subash.sah@wiseyak.com,नस,1,नाम (Noun),thumbs_down,नसको,गाउँघरका पाका व्यक्तिहरू औषधीय गुण भएको सुगन्धित नसको बट्टा सधैँ खल्तीमा बोकेर हिँड्छन्।,298909ea94d6e0.wav,अम्मल वा औषधीका रूपमा नाकभित्र हालिने सुगन्धी चूर्ण; नाकभित्र हालिने सुर्तीको धुलो।,2026-10-02T08:33:02.597953
974,3ae01ff396830d,Subash Sah,subash.sah@wiseyak.com,नहर,1,विशेषण (Adjective),thumbs_down,आगमनसँगै  ढकमक्क,वसन्त ऋतुको आगमनसँगै पाखाभरिका नहर रुखहरू सेताम्मे फूलले ढकमक्क ढाकिएका छन्।,3ae01ff396830d.wav,भर्खरै फुलेको रुख; जोत्ने बेला भएको गोरु।,2026-10-02T08:34:10.437738
978,eabe1b4ac00f28,Subash Sah,subash.sah@wiseyak.com,नहर,2,नाम (Noun),thumbs_down,ढोडनसाबाट,ढोडनसाबाट तयार पारिएको नहर निकै खँदिलो र लामो समयसम्म टिक्ने हुन्छ।,eabe1b4ac00f28.wav,गाईबस्तुका ढोडनसाबाट बनाइएको जुत्ता सिउने बलियो धागो।,2026-10-02T08:34:42.534652
983,9e9218d72a8fe7,Subash Sah,subash.sah@wiseyak.com,नहर,4,नाम (Noun),thumbs_down,निकालिएको,खोलाबाट निकालिएको नहरको पानी खेतका गराहरूमा पुर्याउन किसानहरू बिहानैदेखि जुटेका छन्।,9e9218d72a8fe7.wav,सिँचाइ जलपथ वा दुवै कामका निम्ति बनाइएको नदीजस्तो पानीको स्रोत; ठुलो कुलो।,2026-10-02T08:35:26.870542
998,78828f8349e5bc,Subash Sah,subash.sah@wiseyak.com,निम्ब,1,नाम (Noun),thumbs_down,यगणको  छन्दको,"नगण, सगण र यगणको संयोजनबाट बन्ने निम्ब छन्दको वाचन शैली निकै कर्णप्रिय सुनिन्छ।",78828f8349e5bc.wav,नगण सगण र यगण भएको वार्णिक छन्दविशेष।,2026-10-02T08:38:02.286501
1011,2b9d1247917bb6,Subash Sah,subash.sah@wiseyak.com,निर,3,"नामयोगी (Postposition), संस्कृत (Sanskrit)",thumbs_down,निर,आमा निर बसेर मिठो कथा सुन्दै सानो बालक आनन्दले निदायो।,2b9d1247917bb6.wav,"समीप; नजिक; नेर। , सँगसँगै; आसपास। उदा- राम मनिर बस्यो। क्रिवि , निकटमा; समीपमा। उदा- ऊ अलिअलि गर्दै निरनिर आइपुग्यो।",2026-10-02T08:39:35.939467
1013,5c069b38b40c35,Subash Sah,subash.sah@wiseyak.com,निहिन,1,नाम (Noun),thumbs_down,निहिन,मङ्सिरको पारिलो घाममा किसानहरूले खेतभरि काटेको निहिन राम्ररी फिँजाएका छन्।,5c069b38b40c35.wav,काटेपछि खेतमा नलसितै पातलो गरी फिँजाएर सुकाइएको धान।,2026-10-02T08:39:55.318985
1016,28f0ac548f67e7,Subash Sah,subash.sah@wiseyak.com,निहिन,2,नाम (Noun),thumbs_down,निहिनले,दुध दुहुँदा लात्ती हान्ने बानी भएकी गाईलाई गोठालाले निहिनले पछाडिका खुट्टा कस्यो।,28f0ac548f67e7.wav,लात्ती हान्ने गाईको दुध दुहुँदा खुट्टामा बाँध्ने डोरी; खुट्टे; छाँद।,2026-10-02T08:40:40.974784
1019,e3775a5f12d0cf,Subash Sah,subash.sah@wiseyak.com,निहिन,2,नाम (Noun),thumbs_down,निहिन,बाँधिएको पुरानो निहिन खुस्किएपछि गाईले दुधको बाल्टी नै घोप्ट्याइदियो।,e3775a5f12d0cf.wav,लात्ती हान्ने गाईको दुध दुहुँदा खुट्टामा बाँध्ने डोरी; खुट्टे; छाँद।,2026-10-02T08:40:52.966888
1040,5b441147ca40c1,Subash Sah,subash.sah@wiseyak.com,पट,1,नाम (Noun),thumbs_down,मञ्चको,नाटक सुरु हुनुभन्दा ठीक अगाडि मञ्चको अगाडि झुन्ड्याइएको रातो पट बिस्तारै माथितिर उठाइयो।,5b441147ca40c1.wav,"कपडा; लुगा; वस्त्र। , चित्र लेख्ने कपडा कागज फलेक आदि वस्तु। , पर्दा। , तस्बिर; चित्र।",2026-10-02T08:43:42.527205
1046,3056d9482c3a24,Subash Sah,subash.sah@wiseyak.com,पटेर,1,नाम (Noun),thumbs_down,पटेर,शिवरात्रिका दिन पशुपतिनाथ मन्दिर परिसरमा दर्शनार्थीहरूको निकै ठूलो पटेर लागेको थियो।,3056d9482c3a24.wav,"घुइँचो; भिड। , छिर्न नसकिने जङ्गल वा झाडी; काठी। जस्तै कालीपटेर। वि , प्रशस्त; ज्यादा; धेरै। क्रिवि , धेरै; प्रशस्त; पट्टेर।",2026-10-02T08:44:34.434764
1049,6623d93d15af31,Subash Sah,subash.sah@wiseyak.com,पटेर,1,नाम (Noun),thumbs_down,कालीपटेर,तराईको त्यो घना कालीपटेर जङ्गलभित्र दिउँसो पनि घामको किरण भुइँसम्म छिर्न सक्दैनथ्यो।,6623d93d15af31.wav,"घुइँचो; भिड। , छिर्न नसकिने जङ्गल वा झाडी; काठी। जस्तै कालीपटेर। वि , प्रशस्त; ज्यादा; धेरै। क्रिवि , धेरै; प्रशस्त; पट्टेर।",2026-10-02T08:44:56.642255
1051,9a3a507d45cdca,Subash Sah,subash.sah@wiseyak.com,पटेर,2,नाम (Noun),thumbs_down,पटेर,तालको छेउछाउमा बाक्लै उम्रिएको पटेर काटेर सुकाएपछि गाउँलेहरूले बस्नका लागि चिटिक्क परेको गुन्द्री बुने।,9a3a507d45cdca.wav,बोझाको झैँ तर गन्धविहीन जरो हुने तथा जलाशयका निकटमा पैदा हुने गुन्द्री आदि बुन्ने काममा समेत प्रयोगमा आउने एक थरी उखुपाते वनस्पति।,2026-10-02T08:45:11.303629
1053,a3acb82b9d9597,Subash Sah,subash.sah@wiseyak.com,पटेर,2,नाम (Noun),thumbs_down,पटेर,सिमसार क्षेत्रमा पाइने पटेर वनस्पति स्थानीयस्तरमा हस्तकलाका सामग्री निर्माण गर्न निकै उपयोगी मानिन्छ।,a3acb82b9d9597.wav,बोझाको झैँ तर गन्धविहीन जरो हुने तथा जलाशयका निकटमा पैदा हुने गुन्द्री आदि बुन्ने काममा समेत प्रयोगमा आउने एक थरी उखुपाते वनस्पति।,2026-10-02T08:45:27.806492
1068,9525b55cfd9da4,Subash Sah,subash.sah@wiseyak.com,पथ,1,नाम (Noun),thumbs_down,मेटाउन,लामो हिँडाइको यात्रामा निस्कँदा बाटोमा भोक मेटाउन उनले झोलामा केही सातु र पथ बोकेका थिए।,9525b55cfd9da4.wav,"रोगी वा पेट कमजोर भएका मानिसले खान लायकको वस्तु। , हलुको र स्वास्थ्यकर खानेकुरा। , पाथेय।",2026-10-02T08:49:42.040982
1076,9f8b25068036f9,Subash Sah,subash.sah@wiseyak.com,पन,1,प्रत्य सं प्रण,thumbs_down,गएपछि,उमेर ढल्कँदै गएपछि मानिसको अनुहार र चालढालमा स्वाभाविक रूपमा बुढोपन देखिन थाल्छ।,9f8b25068036f9.wav,भाववाचक नामशब्द बनाउनका निम्ति गुणवाचक वा जातिवाचक शब्दका पछाडि गाँसिने एक प्रत्यय; पना। जस्तै- राम्रोपन बुढोपन भेडोपन इ।,2026-10-02T08:50:26.815109
1090,2bcc3cfd626b9c,Subash Sah,subash.sah@wiseyak.com,पात,1,नाम (Noun),thumbs_down,वनका,वसन्त ऋतुको आगमनसँगै वनका नाङ्गा रुखहरूमा नयाँ-नयाँ हरिया पातहरू पलाउन थालेका छन्।,2bcc3cfd626b9c.wav,बोटबिरुवा आदिका हाँगाबिँगाबाट निस्कने हरियो एवं पातलो अवयव; पत्र; बोटबिरुवाले सास फेर्ने अङ्ग।,2026-10-02T08:53:30.833660
1092,3644e93a70ee40,Subash Sah,subash.sah@wiseyak.com,पात,1,नाम (Noun),thumbs_down,भोजभतेरका,हाम्रो समाजमा पूजाआजा र भोजभतेरका बेला सालको पातबाट गाँसिएका दुना-टपरी प्रयोग गर्ने परम्परा छ।,3644e93a70ee40.wav,बोटबिरुवा आदिका हाँगाबिँगाबाट निस्कने हरियो एवं पातलो अवयव; पत्र; बोटबिरुवाले सास फेर्ने अङ्ग।,2026-10-02T08:53:51.640938
1124,14d7b09abdb087,Subash Sah,subash.sah@wiseyak.com,पाहुर,1,नाम (Noun),thumbs_down,माइतबाट,"माइतबाट घर फर्किंदा छोरीलाई आमाले शुद्ध घिउ, मह र नयाँ लुगा पाहुर दिएर बिदाइ गरिन्।",14d7b09abdb087.wav,कसैकहाँ जाँदा सम्मानका निम्ति लगिने वा ल्याइने कोसेली; सौगात; नजराना; पाउर।,2026-10-02T08:59:55.725734
1126,6badcd6b84b943,Subash Sah,subash.sah@wiseyak.com,पाहुर,2,नाम (Noun),thumbs_down,अघाउन्जेल,हरियो घाँस अघाउन्जेल खाइसकेपछि रुखको छहारीमा बसेर गाईले आनन्दसँग पाहुर गरिरहेकी थिई।,6badcd6b84b943.wav,हे पागुर; उग्राइ।,2026-10-02T09:00:40.866851
1156,2fdce5185b2fde,Subash Sah,subash.sah@wiseyak.com,पुरुष,1,नाम (Noun),thumbs_down,वरिपरि,किल्लाको सुरक्षाका निम्ति सिपाहीहरूले वरिपरि दुई पुरुष अग्लो ढुङ्गे पर्खाल खडा गरेका थिए।,2fdce5185b2fde.wav,अङ्गुलको चौरासी गुना बराबरको नाप; चौरासी अमल बराबरको नाप; एक मान्छेको उचाइ बराबरको नाप।,2026-10-02T09:06:08.734208
1175,2c3f3a0798b499,Subash Sah,subash.sah@wiseyak.com,पोत,2,नाम (Noun),thumbs_down,सूचना,समयमै जग्गाको पोत नबुझाए जरिवाना लाग्ने सूचना नगरपालिकाले सार्वजनिक गरेको छ।,2c3f3a0798b499.wav,जग्गाधनीले सरकारलाई तिर्नुपर्ने कर; जग्गाको कर; तिरो; कुत।,2026-10-02T09:10:24.540038
1187,af6a56dac976dd,Subash Sah,subash.sah@wiseyak.com,पोस,2,नाम (Noun),thumbs_down,तागतिलो,लामो बिरामीपछि पोषिलो झोल र तागतिलो खानेकुरा खाएपछि मात्र उसको शरीरमा पोस फर्कियो।,af6a56dac976dd.wav,"पोष; पोषण। , तागत।",2026-10-02T09:13:05.453325
1189,40c0ef18480a3d,Subash Sah,subash.sah@wiseyak.com,फराँस,1,नाम (Noun),thumbs_down,फुर्सदिला,दसैँको फुर्सदिला साँझमा छिमेकीहरू भेला भएर तीनपत्ती फराँस खेल्दै रमाइलो गर्न थाले।,40c0ef18480a3d.wav,क्रमैले तीनतीन चक्की बाँडेर खेलिने तासको एक खेल।,2026-10-02T09:13:42.218656
1195,6990e4b03b5efa,Subash Sah,subash.sah@wiseyak.com,फराक,1,विशेषण (Adjective),thumbs_down,हिसाबकिताब,संस्थाको सम्पूर्ण हिसाबकिताब बुझाइसकेपछि उनी आफ्नो पुरानो पदीय दायित्वबाट फराक रहे।,6990e4b03b5efa.wav,"अलग; भिन्न। , कुनै विषयबाट निवृत्त भएको; कर्तव्य पूरा गरी छुट्टी पाएको जस्तो- धर्मफराक ।",2026-10-02T09:17:52.023248
1201,0e3db810f51b99,Subash Sah,subash.sah@wiseyak.com,फाँद,2,नाम (Noun),thumbs_down,मत्ता,हात्तीसारका अनुभवी माहुतेहरूले बलियो फाँद थापेर जङ्गली मत्ता हात्तीलाई नियन्त्रणमा लिए।,0e3db810f51b99.wav,जङ्गली हात्तीलाई खेदो गर्दा फसाइने वा पक्राउमा पारिने मोटो डोरीको पासो; फन्दा।,2026-10-02T09:18:59.396794
1204,74302d6bc01ace,Subash Sah,subash.sah@wiseyak.com,फाँद,2,नाम (Noun),thumbs_down,हिँडेका,जङ्गलमा हात्ती समात्न हिँडेका शिकारीहरूले रुखको आड पारेर डोरीको फाँद तयार पारेका थिए।,74302d6bc01ace.wav,जङ्गली हात्तीलाई खेदो गर्दा फसाइने वा पक्राउमा पारिने मोटो डोरीको पासो; फन्दा।,2026-10-02T09:19:15.290017
1206,a47408b3a366c9,Subash Sah,subash.sah@wiseyak.com,फाल,1,नाम (Noun),thumbs_down,खेत,खेत जोत्दै गर्दा जमिनमुनिको ठूलो ढुङ्गामा ठोक्किएर हलोको तिखो फाल भाँच्चियो।,a47408b3a366c9.wav,हलाका टुँडामा जोडिने तिखो फलामे साधन; फाली।,2026-10-02T09:19:43.122851
1209,c294a0b664f8ba,Subash Sah,subash.sah@wiseyak.com,फाल,2,नाम (Noun),thumbs_down,डुब्न,नदीमा डुब्न लागेको बालकलाई जोगाउन युवकले पुलको माथिबाट सिधै पानीमा फाल हान्यो।,c294a0b664f8ba.wav,"फाल्ने वा आफल्ने काम। , विशेष काम सम्पन्न गर्नका निम्ति मिल्ने अवसर; मौका; अनुकूलता। , लामो फट्को। , अग्ला ठाउँबाट उफ्रेर तलतिर झर्ने काम; हामफलाइ।",2026-10-02T09:20:45.675121
1229,4e5153ec9a8063,Subash Sah,subash.sah@wiseyak.com,फेर,1,क्रियाविशेषण (Adverb),thumbs_down,फेर,हामी यस फेर पोखरा जाँदा पुराना साथीभाइ र आफन्तहरूलाई पनि भेट्ने विचारमा छौँ।,4e5153ec9a8063.wav,फेरा; पटक; पल्ट।,2026-10-02T09:24:41.054421
1238,834f4e721fe076,Subash Sah,subash.sah@wiseyak.com,फ्वाँक,2,नाम (Noun),thumbs_down,बिहान,बिहान हतारमा हिँड्नुपरेकाले उसले एक फ्वाँक सातु मुखमा हालेर पानी घुट्क्यायो।,834f4e721fe076.wav,फाँको।,2026-10-02T09:25:47.896153
1250,5692ad3db7ea9b,Subash Sah,subash.sah@wiseyak.com,बड,1,क्रियाविशेषण (Adverb),thumbs_down,छरपस्ट,"साना नानीहरूले घरभरि सामान छरपस्ट पारेको देखेर हजुरआमाले 'धत बड, शान्त भएर बस न!' भनेर गाली गर्नुभयो।",5692ad3db7ea9b.wav,साना केटाकेटीलाई गाली गर्दा वा हप्काउँदा भनिने शब्द।,2026-10-02T10:35:16.980975
1280,8336897f45035a,Subash Sah,subash.sah@wiseyak.com,बस,3,अकर्मक क्रिया (Intransitive Verb),thumbs_down,बस,रात परिसकेकाले जङ्गलको बाटो नहिँडी आज यहीँ साथीको घरमा बास बस।,8336897f45035a.wav,अ क्रि बस्नु क्रियाको आदेशार्थी रूप तिमी बास बस।,2026-10-02T10:40:58.420745
1283,4b1ef7ec5e91ce,Subash Sah,subash.sah@wiseyak.com,बस,3,अकर्मक क्रिया (Intransitive Verb),thumbs_down,बस,"लामो हिँडाइले तिमी निकै थाकेका छौ, त्यसैले केही बेर यो चौतारीमा विश्राम गरेर बस।",4b1ef7ec5e91ce.wav,अ क्रि बस्नु क्रियाको आदेशार्थी रूप तिमी बास बस।,2026-10-02T10:41:11.107463
1292,baa917df09559a,Subash Sah,subash.sah@wiseyak.com,बाग,2,नाम (Noun),thumbs_down,नदिन,मेकानिकले काट्न लागेको फलामको टुक्रालाई हल्लिन नदिन टेबुलमा जडिएको बागमा कसिलो पारेर च्याप्यो।,baa917df09559a.wav,"कुनै वस्तु च्याप्नका निम्ति टेबिल आदिमा स्थिर गरी जडिएको वस्तु। , घोडाको लगाम; बागडोर।",2026-10-02T10:46:09.250772
1300,2d645c8c0e03cc,Subash Sah,subash.sah@wiseyak.com,बाट,2,नाम (Noun),thumbs_down,बाट,गाउँका मान्यजनको मृत्यु भएपछि परम्परा अनुसार आफन्तहरूले लासको अगाडि सेतो बाट तानेर मलामी गए।,2d645c8c0e03cc.wav,गुरुङ तामाङ आदि जातिले दुवैतिरका दुई टुप्पा सुकाए झैँ गरी हातले समातेर लासको अघि लैजाने सेतो कपडा।,2026-10-02T10:47:52.012105
1326,0410a255e74827,Subash Sah,subash.sah@wiseyak.com,बार,1,नाम (Noun),thumbs_down,सुध्रिनका,"मैले उसलाई सुध्रिनका लागि एक पटक होइन, कैयौँ बार चेतावनी दिइसकेको छु।",0410a255e74827.wav,"काठ बाँस घोचा आदिको छेका वा एक प्रकारको पर्खाल। , समय; अवसर; वार। क्रिवि , पटक; फेरा; चोटि।",2026-10-05T04:19:26.825098
1350,a11a74c90913de,Subash Sah,subash.sah@wiseyak.com,बेसार,1,विशेषण (Adjective),thumbs_down,खेर  नफाल,कुनै तथ्य र प्रमाण नभएको यस्तो बेसार गफ सुनेर आफ्नो अमूल्य समय खेर नफाल।,a11a74c90913de.wav,कुनै सार नभएको; फोस्रो; बेकामको।,2026-10-05T04:24:26.132913
1366,caeb256d18c0a4,Subash Sah,subash.sah@wiseyak.com,बोर,2,नाम (Noun),thumbs_down,झन्झटिलो,कार्यालयको झन्झटिलो र अनावश्यक कागजी प्रक्रिया देखेर सेवाग्राहीहरू बोर मान्दै फर्किन्छन्।,caeb256d18c0a4.wav,अनावश्यक कामकुरा वा झोजझमेलाका कारणले हुने मानसिक छटपटी; पट्टाइ; न्यास्रोपन।,2026-10-05T04:26:43.490904
1368,6e62804f6421c0,Subash Sah,subash.sah@wiseyak.com,ब्याज,1,नाम (Noun),thumbs_down,वार्षिकोत्सवमा,विद्यालयको वार्षिकोत्सवमा उत्कृष्ट अनुशासित छात्रछात्राको कोटमा विशिष्ट ब्याज लगाइदिइयो।,6e62804f6421c0.wav,"जागिरदारले दर्जाअनुसार लगाउने सुनचाँदीको सरकारी चिह्नविशेष। , कुनै चित्र वा सङ्केत भएको धातु कपडा कागत आदिबाट बनाइएको लुगा कोट आदिमा लगाइने चिह्न।",2026-10-05T04:27:06.529986
1380,04555929d7a849,Subash Sah,subash.sah@wiseyak.com,भास,1,नाम (Noun),thumbs_down,दलदले,सिमसार क्षेत्रको दलदले हिलोको भासमा परेर गाईको बाच्छो कम्मरसम्म गाडियो।,04555929d7a849.wav,"भासिने खालको फुको वा खुकुलो ठाउँ; गाडिने ठाउँ। , सिमसार; सिम। , धाप; दलदल।",2026-10-05T04:28:29.992842
1384,35dabd9cc106f0,Subash Sah,subash.sah@wiseyak.com,भास,2,नाम (Noun),thumbs_down,छरपस्ट,बिहानको घाम झुल्किएपछि हिमालका सेता चुचुराहरूमा सुनौलो भास छरपस्ट पोखियो।,35dabd9cc106f0.wav,"प्रकाश; दीप्ति; किरण। , कालिदासभन्दा पहिलेका एक प्रसिद्ध संस्कृतका नाटककार। , सेतो एक जातको गिद्ध पक्षी। , इच्छा।",2026-10-05T04:29:21.812890
1390,c5bcf018d69f95,Subash Sah,subash.sah@wiseyak.com,भोज,1,नाम (Noun),thumbs_down,छरछिमेकीलाई,छोराको विवाहको खुसीयालीमा बाबुले गाउँका सबै इष्टमित्र र छरछिमेकीलाई बोलाएर भव्य भोज खुवाए।,c5bcf018d69f95.wav,कुनै चाडबाड बिहेबटुलो आदिमा धेरै मानिस सम्मिलित भएर खाइने विशेष भोजन; भतेर; सहभोजन।,2026-10-05T04:30:37.971062
1402,7fabbcde41d330,Subash Sah,subash.sah@wiseyak.com,भोर,2,नाम (Noun),thumbs_down,हिसाबकिताबमा,हिसाबकिताबमा सामान्य भोर पर्दा पनि व्यापारमा ठुलो घाटा बेहोर्नुपर्ने हुन सक्छ।,7fabbcde41d330.wav,"झुक्याउने वा झुक्किने काम; झुकान; भ्रम। , कुनै कामकुरामा पर्न आउने अव्यवस्था; गडबडी; गोलमाल। , छुवाछूत; बोर।",2026-10-05T04:46:12.089734
1416,d04f6139f82a93,Subash Sah,subash.sah@wiseyak.com,मठ,2,नाम (Noun),thumbs_down,साँझपख,घरको आँगनमा रहेको तुलसीको मठमा हजुरआमाले साँझपख दियो बाल्नुभयो।,d04f6139f82a93.wav,"जोगीसन्न्यासी वा सन्तमहन्त बस्ने ठाउँ; साधुहरूको आश्रम। , अध्ययन गर्ने विद्यार्थी वा वटुहरू बस्ने ठाउँ; गुरुकुल। , देवदेवीको मन्दिर; देवालय। , प्रायः घरको आँगनमा तुलसी रोप्न अग्लो पारी बनाइएको चौकी; तुलसी रोप्ने ठाउँ। , योगी वा तपस्वीहरूको पुरश्चरण गर्ने ठाउँ।",2026-10-05T04:48:02.885069
1443,db9e651e50581c,Subash Sah,subash.sah@wiseyak.com,मरमर,1,नाम (Noun),thumbs_down,दरबारको,दरबारको मुख्य हल र भर्‍याङमा सेतो मरमर बिछ्याइएको हुनाले निकै भव्य देखिन्छ।,db9e651e50581c.wav,एक किसिमको सेतो चिल्लो ढुङ्गो।,2026-10-05T04:52:04.183949
1449,0f976932788286,Subash Sah,subash.sah@wiseyak.com,महाल,1,नाम (Noun),thumbs_down,परम्परागत,पुर्खादेखि चलिआएको परम्परागत महाल गाउँदा उत्सवको वातावरण झनै मङ्गलमय बन्यो।,0f976932788286.wav,चाड व्रत उपासना आदिको आरम्भमा मङ्गलका निम्ति गाइने एक लोकगीत; माहाल; माघल।,2026-10-05T04:53:04.502950
1462,086d526f9b9855,Subash Sah,subash.sah@wiseyak.com,मार,1,नाम (Noun),thumbs_down,पसलेलाई,चाडबाडको मुखमा कपडा पसलमा ग्राहकको अत्यधिक मार भएकाले पसलेलाई सास फेर्ने फुर्सद छैन।,086d526f9b9855.wav,"मार्ने काम; हत्या; वध। , आघात; चोट; प्रहार। , हप्की; खप्की। , पर्याप्तता; आधिक्य। , कामको भिड वा चटारो मारामार।",2026-10-05T04:55:03.389748
1467,a27a2be4bc0858,Subash Sah,subash.sah@wiseyak.com,मार्क,1,नाम (Noun),thumbs_down,दशकौँअघि,उनले दशकौँअघि जर्मनी भ्रमण गर्दा साटेका केही मार्क अझै पनि एल्बममा सजाएर राखेका छन्।,a27a2be4bc0858.wav,जर्मनीको मुद्रा।,2026-10-05T04:55:56.991914
1472,ca9725c5e38e8d,Subash Sah,subash.sah@wiseyak.com,मार्बल,1,नाम (Noun),thumbs_down,भुइँमा,नयाँ बनेको अस्पतालको भुइँमा सफा गर्न सजिलो हुने चिल्लो मार्बल बिछ्याइएको छ।,ca9725c5e38e8d.wav,एक प्रकारको कडा र टल्कने सेतो वा रङ्गीन ढुङ्गो; सिङ्गमर्मर; सङ्गमर्मर।,2026-10-05T04:56:33.552697
1489,5e657db5f5b3c0,Subash Sah,subash.sah@wiseyak.com,माहुर,2,नाम (Noun),thumbs_down,विवाह,विवाह सम्पन्न भएपछि पुरोहित बाजेले नयाँ जोडीको दीर्घायुको कामना गर्दै तयार पारिएको माहुर वाचन गरेर सुनाए।,5e657db5f5b3c0.wav,विवाहमा पण्डित वा पुरोहितले वरवधूलाई दिइने आशीर्वादपत्र।,2026-10-05T05:23:07.802700
1504,9376aee42f006a,Subash Sah,subash.sah@wiseyak.com,मिहिन,2,विशेषण (Adjective),thumbs_down,उत्कृष्ट,कालिगडले मन्दिरको काठमा निकै मिहिन बुट्टा कुँदेर उत्कृष्ट कला प्रदर्शन गरे।,9376aee42f006a.wav,"मसिनो; मिहीँ; मिही। , धुलो; मैदा। , सूक्ष्म। , कमलो; कोमल; नरम स्वर काम आदि।",2026-10-05T05:25:47.196642
1519,37c39c2269187e,Subash Sah,subash.sah@wiseyak.com,मेठ,3,नाम (Noun),thumbs_down,क्रममा,तराईमा नयाँ बस्ती बसाउने क्रममा गाउँका अगुवाले मेठको सम्मानजनक दर्जा पाएका थिए।,37c39c2269187e.wav,मदेसका नयाँ फँडनी वा झोरामा जमिनदारसरहको मान वा दर्जा।,2026-10-05T05:27:53.814233
1521,35377c02cb5c14,Subash Sah,subash.sah@wiseyak.com,मेठ,3,नाम (Noun),thumbs_down,जग्गाजमिनको,त्यस क्षेत्रका जग्गाजमिनको रेखदेख र व्यवस्थापन गर्ने सम्पूर्ण अधिकार मेठलाई नै सुम्पिएको हुन्थ्यो।,35377c02cb5c14.wav,मदेसका नयाँ फँडनी वा झोरामा जमिनदारसरहको मान वा दर्जा।,2026-10-05T05:28:09.102642
1524,a7250867e7055e,Subash Sah,subash.sah@wiseyak.com,मेल,1,नाम (Noun),thumbs_down,बालसखाहरूको,धेरै वर्षपछि भएको बालसखाहरूको पुनर्मिलन र मेलले सबैलाई भावुक बनायो।,a7250867e7055e.wav,"परस्पर भेट्ने काम; मिलाप; समागम। , आपसको सद्भावना; मित्रता; मैत्री। , मिश्रण; मिलावट। , समाज; सभा। , ढङ्ग; छाँट। , प्रकार; तरिका। , प्रेम; प्रीति। , सङ्गीतशास्त्रमा एक प्रकारको थाट।",2026-10-05T05:28:36.414804
1531,6b8d943d4b920e,Subash Sah,subash.sah@wiseyak.com,मोच,2,नाम (Noun),thumbs_down,सङ्कलन,छाना छाउन र दाम्लो बनाउन वनबाट मोचका पातहरू सङ्कलन गरी ल्याइयो।,6b8d943d4b920e.wav,बाबियोजस्तो पाट निकालिने एक थरी बोट।,2026-10-05T05:29:36.695659
1537,c026b325d4b182,Subash Sah,subash.sah@wiseyak.com,रजस्थल,1,नाम (Noun),thumbs_down,मौरीहरू,मौरीहरू फूलको रजस्थलमा बसेर मिहिनेतका साथ परागकण सङ्कलन गरिरहेका छन्।,c026b325d4b182.wav,"रजस्राव हुने स्थल नारीको मासिक धर्ममा रगत निस्कने ठाउँ; पाठेघर। , रगत निस्कने ठाउँ; घाउ। , फूलको केशर रहने ठाउँ; पुष्पपराग बन्ने ठाउँ।",2026-10-05T05:30:50.161308
1543,de65373c964bef,Subash Sah,subash.sah@wiseyak.com,रद्द,1,विशेषण (Adjective),thumbs_down,उत्कृष्ट,छोरीले उत्कृष्ट अङ्क ल्याएर परीक्षा उत्तीर्ण गरेको खबर सुन्नासाथ आमाबाबु खुसीले रद्द भए।,de65373c964bef.wav,"आनन्द वा खुसीले मस्त; उन्मादले मत्त; मुग्ध; मक्ख। , प्रसन्न; हर्षित; प्रफुल्ल। , अनुरक्त; आसक्त। , आश्चर्यले युक्त भएको; विस्मित; चकित।",2026-10-05T05:31:48.442267
1547,18a5c8b0478dd1,Subash Sah,subash.sah@wiseyak.com,रहर,1,नाम (Noun),thumbs_down,आमाले,आमाले साँझको खानामा रहरको दाल र बासमती चामलको भात पस्किनुभयो।,18a5c8b0478dd1.wav,"शिरीषका जस्ता पात हुने बढीमा चार मिटर लामो एकै साल मात्र रहने बुटो हुने पहेँला फूल फुल्ने र एकै भेट्नामा चारपाँचवटा कोसा लाग्ने एक कोसामा दशबाह्रवटा दाना लाग्ने दालजातको एक अन्न। , यसै कोसाका फललाई दलेर दाल खान बनाइएको छाँटा।",2026-10-05T05:32:22.042659
1554,e2d762de949ed2,Subash Sah,subash.sah@wiseyak.com,राग,2,नाम (Noun),thumbs_up,साँझपख,शास्त्रीय सङ्गीतका गायकले साँझपख राग यमन गाएर सबै श्रोतालाई मन्त्रमुग्ध बनाए।,e2d762de949ed2.wav,"कुनै प्यारो विषय वा वस्तुप्रति हुने अनुराग; झुकाउ; प्रेमभाव; अनुरक्ति। , कुनै वस्तु वा विषयप्रतिको मोह। , लोभ; लालसा। , उमङ्ग; आनन्द; हर्ष। , ईर्ष्या; द्वेष। , कपुर कस्तूरी चन्दन आदिबाट तयार गरिएको शरीरमा घस्ने लेप; अङ्गलेप। , मेहँदी; माहुर। , रसरङ्ग। , अत्यन्त चर्को वा कडा गन्ध। ० सङ्गीतशास्त्रअनुसार स्वर र गायनप्रक्रियाद्वारा सुव्यवस्थित सुन्दर र आकर्षक ध्वनिहरूको विशेष संयोजन; ध्वनिराग। यसका औडव षाडव र सम्पूर्ण तीन भेदका भैरव मालकोश हिण्डोल दीपक श्री र मेघ छ राग छन्।  पिरोपन; हरक।",2026-10-05T05:33:24.194697
1564,13f6f72a34d1c2,Subash Sah,subash.sah@wiseyak.com,रुख,1,नाम (Noun),thumbs_down,प्रस्ट,निर्वाचनको प्रारम्भिक मतपरिणाम सार्वजनिक भएसँगै राजनीतिक दलहरूको रुख कता ढल्किन्छ भन्ने प्रस्ट भयो।,13f6f72a34d1c2.wav,"अनुहारबाट खुल्ने मनको भाव। , आकृति; चेहरा; मुख। , झुकाउ; चेष्टा।",2026-10-05T05:36:02.085740
1573,4702fc63a5eb4a,Subash Sah,subash.sah@wiseyak.com,रैन,1,नाम (Noun),thumbs_down,प्रस्ट,झ्यालको चेपबाट कोठाभित्र पसेको घामको किरणमा अनगिन्ती मसिना रैनहरू नाचिरहेको प्रस्ट देखिन्थे।,4702fc63a5eb4a.wav,ज्यादै सानो कण; रेणु; धुलो; छारो।,2026-10-05T05:39:34.014885
1583,faf6f86d834c63,Subash Sah,subash.sah@wiseyak.com,लङ्गुर,1,नाम (Noun),thumbs_down,क्रममा,राष्ट्रिय निकुञ्ज घुम्ने क्रममा हामीले अग्ला रुखहरूमा कालो मुख भएका लङ्गुरहरूको ठुलो बथान देख्यौँ।,faf6f86d834c63.wav,"लामो पुच्छर र कालो मुख हुने एक जातको बाँदर। , बाँदरको पुच्छर। , पुच्छर। , खास गरी हिमालको अग्लो लामो डाँडो जस्तो- महालङ्गुर।",2026-10-05T05:41:04.258467
1592,e42beebf6eb85a,Subash Sah,subash.sah@wiseyak.com,लयस,1,नाम (Noun),thumbs_down,दुलहीको,दुलहीको रातो साडीको किनारामा सुनौलो र चम्किलो लयस टाँसेर निकै आकर्षक रूप दिइएको थियो।,e42beebf6eb85a.wav,सुन्दरताका लागि पोसाकको किनारमा जडिने रेसम आदिको फित्ता; पट्ठा; गोटा; लैस।,2026-10-05T05:42:34.961957
1597,c9142dec871776,Subash Sah,subash.sah@wiseyak.com,लाटलुट,1,नाम (Noun),thumbs_down,भान्सामा,भान्सामा बिरालो पसेर दूधको भाँडो ढालिदिँदा सफा भुइँभरि लाटलुट भएछ।,c9142dec871776.wav,जुठो चिज छरिएर बिटुलिने काम; लसपस; छातछूत।,2026-10-05T05:43:15.826080
1599,c059fb9e668d07,Subash Sah,subash.sah@wiseyak.com,लाटलुट,1,नाम (Noun),thumbs_down,नगर्न,पूजाआजाका लागि तयार पारिएको चोखो सामग्रीमा नधोएको हातले छोएर लाटलुट नगर्न हजुरआमाले सम्झाउनुभयो।,c059fb9e668d07.wav,जुठो चिज छरिएर बिटुलिने काम; लसपस; छातछूत।,2026-10-05T05:43:31.387355
1610,9add2427988094,Subash Sah,subash.sah@wiseyak.com,लाल,1,नाम (Noun),thumbs_down,रुन,आँगनमा खेल्दाखेल्दै लडेर रुन थालेको सानो लाललाई यशोदाले तुरुन्तै उठाएर काखमा लिइन्।,9add2427988094.wav,"बालक; बच्चो; लाला। , छोरो; पुत्र।",2026-10-05T05:45:01.907814
1619,f1d87ce7269036,Subash Sah,subash.sah@wiseyak.com,वर,1,नाम (Noun),thumbs_down,वर,विवाहको लगन सुरु भएपछि मण्डपमा बेहुलीको छेउमा बसेको वर निकै शान्त र प्रसन्न देखिन्थ्यो।,f1d87ce7269036.wav,"देवतागुरुजन आदिसँग मागिने र उनीहरू प्रसन्न भएर दिने फल वा मनोरथसिद्धिको आशिष। , कन्यासँग विवाह गर्न पक्का भएको केटो; दुलहा; बेहुलो। , शब्दका पछाडि गाँसिएर श्रेष्ठताको भाव बुझाउने शब्द जस्तै- गुरुवर कविवर प्रियवर मान्यवर इ। , उत्तम; श्रेष्ठ; गतिलो।",2026-10-05T05:46:24.732174
1621,d16f3f0146d759,Subash Sah,subash.sah@wiseyak.com,वर,2,परसर्ग (Postposition),thumbs_down,धोइवर,तिमी बजारबाट छिट्टै फर्केर हातमुख धोइवर तातो चिया पिउन आऊ।,d16f3f0146d759.wav,पस कुनै काम सकेर अर्को काम गर्न अह्राउँदा क्रियापदमा द्वित्व झैँ भएर जोरिने शब्द उदा- तिमी घरैमा बसवर खाऊवर र केटाकेटीको विचार गरवर।,2026-10-05T05:46:42.898546
1623,e640dfa9134187,Subash Sah,subash.sah@wiseyak.com,वर,2,परसर्ग (Postposition),thumbs_down,सकिवर,खेतको काम सकिवर बेलुकी चौतारीमा आरामसँग बसेर गफ गरौँला।,e640dfa9134187.wav,पस कुनै काम सकेर अर्को काम गर्न अह्राउँदा क्रियापदमा द्वित्व झैँ भएर जोरिने शब्द उदा- तिमी घरैमा बसवर खाऊवर र केटाकेटीको विचार गरवर।,2026-10-05T05:46:56.052685
1625,45b6447fa8979d,Subash Sah,subash.sah@wiseyak.com,वर,3,क्रियाविशेषण (Adverb),thumbs_down,हिँड,सडकमा गाडीको तीव्र आवागमन भइरहेकाले तिमी पनि सुरक्षित छेउतिर वर सरेर हिँड।,45b6447fa8979d.wav,आफूतिर; आफ्ना छेउमा; नजिक।,2026-10-05T05:47:20.702721
1627,fb705dbdd7f844,Subash Sah,subash.sah@wiseyak.com,वर,3,क्रियाविशेषण (Adverb),thumbs_down,वर,हजुरबुबाले आँगनमा खेलिरहेको नातिलाई 'यता वर आऊ' भन्दै नजिकै बोलाउनुभयो।,fb705dbdd7f844.wav,आफूतिर; आफ्ना छेउमा; नजिक।,2026-10-05T05:47:35.125508
1634,cffcee63939ebf,Subash Sah,subash.sah@wiseyak.com,वान,1,नाम (Noun),thumbs_down,तयार,आयुर्वेदिक औषधि तयार पार्नका लागि जङ्गलबाट सङ्कलन गरिएका विभिन्न फलहरूको सुकेको वान प्रयोग गरिन्छ।,cffcee63939ebf.wav,"वनसम्बन्धी वनको। , सुकाइएको। , बगेको। ना , सुकाइएको वा सुकेको फल।",2026-10-05T05:48:40.404055
1640,920ed81a53d954,Subash Sah,subash.sah@wiseyak.com,वार,2,"परसर्ग (Postposition), फारसी (Persian / Farsi)",thumbs_down,अचानक गरेको,युद्धको मैदानमा शत्रुले अचानक गरेको तरबारको घातक वारलाई सिपाहीले आफ्नो बलियो ढालले छेकिदियो।,920ed81a53d954.wav,"शब्दका पछिल्तिर गाँसिएर समानता र तुल्यता वा कुनै काम गर्ने अर्थ बुझाउने प्रत्यय जस्तो- छेकवार रखवार घटवार आदि। ना , आक्रमण; हमला। , प्रहार; झटारो।",2026-10-05T05:56:50.205852
1647,9d5892648358f2,Subash Sah,subash.sah@wiseyak.com,वाल,3,"परसर्ग (Postposition), फारसी (Persian / Farsi)",thumbs_down,सरकारी,गाउँका पुराना जिम्मावालले नै सरकारी जग्गाको रेखदेख र तिरो उठाउने काम गर्थे।,9d5892648358f2.wav,प्रत्य फा वालो कुनै खास शब्दहरूसँग पछाडि गाँसिएर रहेको भएको काम गर्ने युक्त आदि अर्थ बुझाउने प्रत्यय; वाला। जस्तो- खेतीवाल जिम्मावाल आदि।,2026-10-05T05:57:49.662654
1654,104eb6f9c0b5c4,Subash Sah,subash.sah@wiseyak.com,वास,2,नाम (Noun),thumbs_down,नजिकैको,रात छिप्पिँदै गएपछि थकित बटुवाले नजिकैको गाउँमा पुगेर एक रातका लागि वास माग्यो।,104eb6f9c0b5c4.wav,"बसोबास गर्ने किसिमले बनाइएको ओत; घर; गृह। , बसोबास गर्ने काम; रहने काम; निवास। , लगाउने कपडा; वस्त्र; पोसाक। , रहेको ठाउँ; अवस्थल। , बास्ना; सुगन्ध। , गन्ध। , क्षणिक आवास; डेरा।",2026-10-05T08:11:40.356391
1657,6fc6bffcd6a0c6,Subash Sah,subash.sah@wiseyak.com,वासर,1,नाम (Noun),thumbs_down,धार्मिक पञ्चाङ्गअनुसार,धार्मिक पञ्चाङ्गअनुसार सोमवासरका दिन शिव मन्दिरमा भक्तजनको ठूलो भीड लाग्छ।,6fc6bffcd6a0c6.wav,"वार; दिवस; दिन। , आश्रयस्थल; घर , वरवधूको प्रथम शयनागार।",2026-10-05T08:12:17.515166
1660,68bd52ed7317c1,Subash Sah,subash.sah@wiseyak.com,वासर,2,नाम (Noun),thumbs_down,पम्प,साइकलको पम्पबाट हावा फुत्किएपछि मिस्त्रीले त्यसभित्र छालाको नयाँ वासर हालिदियो।,68bd52ed7317c1.wav,स्टोभ बल आदिमा हावा भर्न प्रयोग गरिने पम्पमा जडान गरिएको छाला वा रबरबाट निर्मित एक साधन।,2026-10-05T08:12:50.508910
1666,daaad7d1de8a93,Subash Sah,subash.sah@wiseyak.com,वाह,2,विशेषण (Adjective),thumbs_down,हातहतियार,प्राचीन युद्धहरूमा हातहतियार र सिपाही ओसार्न हात्तीलाई मुख्य वाहका रूपमा प्रयोग गरिन्थ्यो।,daaad7d1de8a93.wav,"शब्दको पछाडि जोडिएर बोक्ने लैजाने ओसार्ने आदि अर्थ बुझाउने पद। जस्तो- वारिवाह जलवाह आदि। ना , परिआएको बखत डोली भारी आदि बोक्ने एक प्रकारको रकम। , लैजाने काम; ओसार्ने काम। , बोक्ने साधन; ओसार्ने वस्तु; यान। , मानिसलाई बोकी ओसार्ने हात्ती घोडा गोरु आदि पशु।",2026-10-05T08:13:42.798877
1673,668ce50de939ec,Subash Sah,subash.sah@wiseyak.com,वितल,1,नाम (Noun),thumbs_down,बिनायोजना,बिनायोजना हतारहतार काम सुरु गर्दा सम्पूर्ण कार्यक्रमको रूपरेखा नै वितल भयो।,668ce50de939ec.wav,हे बितोल।,2026-10-05T08:14:45.554626
1694,fbb98b3b252886,Subash Sah,subash.sah@wiseyak.com,सकार,1,नाम (Noun),thumbs_down,वर्णको,प्राथमिक तहका बालबालिकालाई वर्णमाला पढाउँदा शिक्षकले सकार वर्णको शुद्ध उच्चारण अभ्यास गराउनुभयो।,fbb98b3b252886.wav,स अक्षर; ऊष्मवर्णको तेस्रो अक्षर।,2026-10-05T08:17:20.978126
1696,d7d3dd2fc12007,Subash Sah,subash.sah@wiseyak.com,सकार,2,नाम (Noun),thumbs_down,जनाएपछि,नयाँ भवन निर्माणका सर्तहरूमा ठेकेदारले पूर्ण सकार जनाएपछि सम्झौतापत्रमा हस्ताक्षर भयो।,d7d3dd2fc12007.wav,"कुनै काम वा कुराप्रतिको समर्थन; स्वीकार; मन्जुरी। , कुनै कुरा पूरा गर्ने वचन; कबुल; प्रतिज्ञा।",2026-10-05T08:17:36.066224
1702,6bf0c59529fb2a,Subash Sah,subash.sah@wiseyak.com,सखार,2,नाम (Noun),thumbs_down,सापटी,सापटी लिएको रकम समयमै फिर्ता गर्ने कुरामा ऋणीको सखार पाएपछि साहु ढुक्क भयो।,6bf0c59529fb2a.wav,सकार।,2026-10-05T08:18:18.786324
1709,f050ce6388d3cd,Subash Sah,subash.sah@wiseyak.com,सङ्घार,1,नाम (Noun),thumbs_down,बिहानीपख,बिहानीपख घरको सङ्घार सफा गरेर रातो माटोले लिप्ने परम्परा अझै जीवित छ।,f050ce6388d3cd.wav,सँघार; दैलाको ठेलो।,2026-10-05T08:19:12.554665
1730,e1f4f0bf34ed98,Subash Sah,subash.sah@wiseyak.com,सब,1,विशेषण (Adjective),thumbs_down,धनसम्पत्ति,उनले आफ्नो सब धनसम्पत्ति दीनदुःखीहरूको सेवामा खर्च गरिदिए।,e1f4f0bf34ed98.wav,भएभरको; सम्पूर्ण; तमाम; कुल; सारा। सब कठिन अल्छीले सब सहज उद्योगले- उखान।,2026-10-05T08:21:56.230874
1740,3ac8275a304c45,Subash Sah,subash.sah@wiseyak.com,सम्म,2,"नामयोगी (Postposition), संस्कृत (Sanskrit)",thumbs_down,पोखरासम्म,काठमाडौँदेखि पोखरासम्म नयाँ द्रुतमार्ग निर्माणको कार्य तीव्र गतिमा अघि बढिरहेको छ।,3ac8275a304c45.wav,कुनै ठाउँको भौगोलिक सीमा वा कुनै कामकुराको समयावधिलाई बुझाउने शब्द; सम्मन्; तक; पर्यन्त हिमालसम्म कार्तिकसम्म इ।,2026-10-05T08:23:55.203707
1768,d50a584e2efc2f,Subash Sah,subash.sah@wiseyak.com,साँध,2,नाम (Noun),thumbs_down,साँध,खेतको साँध मिचिएको विषयलाई लिएर दुई छिमेकीबिच लामो भनाभन भयो।,d50a584e2efc2f.wav,जमिनका भिन्नभिन्न टुक्रालाई छुट्ट्याउने दुई जमिनका बिचको भाग वा छेउ; भिन्नभिन्न टुक्रा जमिनको सन्धिरेखा; सिमाना; सीमा।,2026-10-05T08:27:47.884399
1774,2141c799ebf71c,Subash Sah,subash.sah@wiseyak.com,साज,2,नाम (Noun),thumbs_down,दुलहीलाई,बिहेका लागि दुलहीलाई परम्परागत गरगहना र आकर्षक साजसज्जाले सिँगारियो।,2141c799ebf71c.wav,"कुनै विशेष काममा उपयोग गरिने सरसामान; सामग्री। , कुनै व्यक्ति वा वस्तुलाई सजाउने गहना कपडा आदि साधन; शृङ्गारको सामग्री। , सवारीका निम्ति घोडा आदि सजाउने सामान काठी लगाम आदि। , सङ्गीतका क्षेत्रमा उपयोग गरिने वाद्यसामग्री। प स , कुनै वस्तुवाचक नामका पछाडि जोडिएर त्यो वस्तु बनाउने वा मर्मत गर्ने भन्ने अर्थ बुझाउने शब्द जस्तो- घडीसाज जिल्दसाज आदि।",2026-10-05T08:29:20.109140
1778,570ca6fd62e0f5,Subash Sah,subash.sah@wiseyak.com,साधक,2,नाम (Noun),thumbs_down,अधिकारक्षेत्रभन्दा,आफ्नो अधिकारक्षेत्रभन्दा बाहिरको जग्गा विवाद भएकाले जिल्ला अदालतले रायसहितको साधक माथिल्लो अदालतमा पठायो।,570ca6fd62e0f5.wav,"तल्लो तहका अड्डाअदालतमा परेका आफूले छिन्न नसकिने वा छिन्न नमिल्ने मुद्दामामिलामा आफ्नो राय लेखी निर्णयका निम्ति माथिल्ला अधिकारी वा अड्डामा पठाइने जाहेरी। , आफ्नो अधिकारभन्दा माथिको वा आफूले आँट्न नसकिने विषयमा निकासाका निम्ति तालुकवाला अधिकारी वा अड्डालाई लेखी पठाइने रिपोर्ट।",2026-10-05T08:29:59.717778
1783,b07ffd1f684306,Subash Sah,subash.sah@wiseyak.com,सान,2,नाम (Noun),thumbs_down,हल्लाखल्ला,हल्लाखल्ला भएको सभामा उसले हातको सान दिएर साथीलाई बाहिर आउन इसारा गर्‍यो।,b07ffd1f684306.wav,"ओठ जिब्रो टाउको हात आँखा आदि चलाएर अरूलाई मनको भाव प्रकट गर्ने काम; इसारा; सङ्केत। , जनाउ; सूचना।",2026-10-05T08:30:35.748804
1804,f617c1cfa4bf61,Subash Sah,subash.sah@wiseyak.com,साल,4,नाम (Noun),thumbs_down,नदिन,घरलाई सुरक्षित राख्न र जनावर पस्न नदिन आँगन वरिपरि ढुङ्गाको अग्लो साल (पर्खाल) उठाइएको छ।,f617c1cfa4bf61.wav,"सालको रुख; शालवृक्ष। , एक जातको माछो। , पर्खाल।",2026-10-05T08:59:38.586992
1822,4adfb637a40d91,Subash Sah,subash.sah@wiseyak.com,सित,2,विशेषण (Adjective),thumbs_down,महाशिवरात्रिका,महाशिवरात्रिका दिन भक्तजनहरू सित वस्त्र धारण गरेर मन्दिरमा पूजा गर्न पुगे।,4adfb637a40d91.wav,"कुनै रङ नपरेको; सेतो; सफेद। , चमकदार; चहकिलो। , सफा; स्वच्छ; सुग्घर। ना , शुक्लपक्ष; सुदी।",2026-10-05T09:02:00.972986
1826,8b09a1a586c827,Subash Sah,subash.sah@wiseyak.com,सिम,1,नाम (Noun),thumbs_down,जग्गामा,हिउँदमा पनि सिम जग्गामा गोडा भासिने डर हुने हुँदा वस्तुभाउ चराउन लगिँदैन।,8b09a1a586c827.wav,पानी कहिल्यै नसुक्ने जमिन; चिसमिरो जग्गा; सिमसार।,2026-10-05T09:02:31.342632
1843,56067d0e6a6fed,Subash Sah,subash.sah@wiseyak.com,सुकुल,1,नाम (Noun),thumbs_down,परोपकारी,"धनसम्पत्तिले मात्र होइन, असल आचरण र परोपकारी भावनाले मानिस सुकुलको ठहरिन्छ।",56067d0e6a6fed.wav,"उत्तम कुल; उच्च वंश। वि , उत्तम कुलको; कुलीन।",2026-10-05T09:04:40.238623
1858,676a31bbc8682a,Subash Sah,subash.sah@wiseyak.com,सुर,2,नाम (Noun),thumbs_down,दोब्य्राएर,कागजको पाना दोब्य्राएर खाम बनाउँदा प्रत्येक सुर सीधा र मिलेको हुनुपर्छ।,676a31bbc8682a.wav,कुना; कोण।,2026-10-05T09:06:44.232654
1862,9c9dd196ce35b8,Subash Sah,subash.sah@wiseyak.com,सुर,4,नाम (Noun),thumbs_down,तबला,गायकले तबला र तानपुराको सुरसँग आवाज मिलाएर शास्त्रीय राग गाउन सुरु गरे।,9c9dd196ce35b8.wav,गानाबजानाको स्वर; ध्वनि।,2026-10-05T09:07:22.451588
1876,c941f904031ab7,Subash Sah,subash.sah@wiseyak.com,सेन्ट,2,नाम (Noun),thumbs_down,प्रस्ट,औपनिवेशिक कालका पुराना सिक्काहरूको अध्ययन गर्दा बेलायती मौद्रिक प्रणालीमा सेन्टको स्थान प्रस्ट हुन्छ।,c941f904031ab7.wav,बेलाइतको कम मूल्यको मुद्रा।,2026-10-05T09:09:33.450385
1888,0e21c5af04c174,Subash Sah,subash.sah@wiseyak.com,सेर,2,नाम (Noun),thumbs_down,सेर,जङ्गलको शान्त वातावरणलाई चिर्दै भयानक गर्जनका साथ सेर आफ्नो गुफाबाट बाहिर निस्कियो।,0e21c5af04c174.wav,"सिंह। , वीर पुरुष; बहादुर मानिस।",2026-10-05T09:11:23.235626
1894,d6b95d9f3caeab,Subash Sah,subash.sah@wiseyak.com,सेर,4,नाम (Noun),thumbs_down,सेर,सुदूरपश्चिमको गाउँमा मही र चामलको पिठो राम्ररी फिटेर परम्परागत सेर रोटी तयार पारियो।,d6b95d9f3caeab.wav,नेपालको पश्चिमी भेकमा मही फटाई बनाइने एक प्रकारको रोटी।,2026-10-05T09:12:21.372591
1897,e6e2605375011d,Subash Sah,subash.sah@wiseyak.com,सेर,4,नाम (Noun),thumbs_down,सेर,देउडा नाच हेर्न आएका पाहुनाहरूलाई तातो चियासँग स्थानीय परिकार सेर खुवाएर स्वागत गरियो।,e6e2605375011d.wav,नेपालको पश्चिमी भेकमा मही फटाई बनाइने एक प्रकारको रोटी।,2026-10-05T09:13:20.908011
1909,abff1ced90a357,Subash Sah,subash.sah@wiseyak.com,सोर,2,नाम (Noun),thumbs_down,सोर,साहुजीले गोदामबाट सोर माना चामल जोखेर ग्राहकको झोलामा हालिदिए।,abff1ced90a357.wav,हे सोह्र।,2026-10-05T09:15:12.086705
1911,ed5564141d8d4d,Subash Sah,subash.sah@wiseyak.com,सोर,2,नाम (Noun),thumbs_down,सोर,हिजो भएको दौड प्रतियोगितामा सोर जना धावकहरूले भाग लिएका थिए।,ed5564141d8d4d.wav,हे सोह्र।,2026-10-05T09:15:29.333699
1916,381bdff5dcad2c,Subash Sah,subash.sah@wiseyak.com,सोल,2,नाम (Noun),thumbs_down,चिप्लिनबाट,हिउँमा चिप्लिनबाट जोगिनका लागि गहिरो ग्रिप भएको बलियो सोल भएको बुट लगाउनुपर्छ।,381bdff5dcad2c.wav,बुट वा जुत्ताका पैतालाको बाक्लो पातो; जुत्ताको तलुवा।,2026-10-05T09:16:02.520021
1920,a19d8ffca13b9a,Subash Sah,subash.sah@wiseyak.com,हकार,2,नाम (Noun),thumbs_down,बिगारेपछि,काम बिगारेपछि व्यवस्थापकको कडा हकार सुनेर कर्मचारीले तुरुन्त आफ्नो गल्ती सच्यायो।,a19d8ffca13b9a.wav,"बोलाउने काम; आह्वान। , सप्रन वा सुध्रनका लागि गरिने हप्काइ; फटकार। , तिरस्कार।",2026-10-05T09:16:38.102226
1922,b48f9e8a574201,Subash Sah,subash.sah@wiseyak.com,हकार,2,नाम (Noun),thumbs_down,भद्रभलादमीहरू,राजाको औपचारिक हकार पाएपछि राज्यका सम्पूर्ण भद्रभलादमीहरू दरबारमा उपस्थित भए।,b48f9e8a574201.wav,"बोलाउने काम; आह्वान। , सप्रन वा सुध्रनका लागि गरिने हप्काइ; फटकार। , तिरस्कार।",2026-10-05T09:17:06.709120
1931,4c6840bbe5a8de,Subash Sah,subash.sah@wiseyak.com,हर,4,नाम (Noun),thumbs_down,चनाखो,सीमा सुरक्षामा खटिएका सुरक्षाकर्मीहरू हर घडी चनाखो भएर बस्नुपर्छ।,4c6840bbe5a8de.wav,केही नामवाचक शब्दको अगाडि रही त्यसका सबै एकाइसँग सम्बन्ध रहेको कुरा बुझाउने शब्द; प्रति जस्तो- हरव्यक्ति हरघडी आदि।,2026-10-05T09:18:16.156313
1944,c2cb5f6b5946e3,Subash Sah,subash.sah@wiseyak.com,हल,2,नाम (Noun),thumbs_down,आपसी,"आपसी छलफल, समझदारी र वार्ताबाट नै यो राजनीतिक संकटको स्थायी हल निस्कन सक्छ।",c2cb5f6b5946e3.wav,कुनै कठिन विषय प्रश्न समस्या आदिको समाधान; निराकरणको उपाय।,2026-10-05T09:20:09.656870
1959,d922a415fed59c,Subash Sah,subash.sah@wiseyak.com,हार,2,नाम (Noun),thumbs_down,अनुशासित,विशिष्ट पाहुनाको स्वागतका लागि विद्यार्थीहरू सडकको दुवै किनारमा अनुशासित हार बाँधेर उभिएका थिए।,d922a415fed59c.wav,"गलामा पहिरिने फूल रत्न आदिको माला। , बिचमा मणि वा कुण्डल आदि लट्केको सुनको सिक्री। , लहर; पङ्क्ति; ताँती। वि , लाने वा ल्याउने। , हरण गर्ने; चोर्ने। , नाश गर्ने।",2026-10-05T09:22:29.634009
1961,6ba7f69ab02364,Subash Sah,subash.sah@wiseyak.com,हुप,1,नाम (Noun),thumbs_down,नदिन,सारीको आँचल काँधबाट चिप्लिन नदिन बहिनीले मसिनो हुप लगाएर बलियोसँग अड्काइन्।,6ba7f69ab02364.wav,लुगाफाटोको सप्को अल्झाउन वा कपडाको छेउ अड्याउन प्रयोग गरिने धातुबाट निर्मित अङ्कुसे साधन; सेफ्टी पिन।,2026-10-05T09:22:42.431413
